w_from,w_to,phase_from,phase_to,cross_phase,n1,n2,S_R,S_V,S_T,S_A,S_P,HSM
0,1,Photometric,Photometric,False,35,34,1.0,0.9875,1.0,0.7,0.8952,0.9165
1,2,Photometric,Photometric,False,34,31,1.0,0.9607,1.0,0.8,0.7905,0.9102
2,3,Photometric,Photometric,False,31,35,1.0,0.9487,1.0,1.0,0.5143,0.8926
3,4,Photometric,Photometric,False,35,30,1.0,0.9352,1.0,0.8,0.8571,0.9185
4,5,Photometric,Photometric,False,30,31,1.0,0.9859,1.0,0.8,0.7333,0.9038
5,6,Photometric,Photometric,False,31,23,1.0,0.8784,1.0,0.8,0.7048,0.8766
6,7,Photometric,Photometric,False,23,22,1.0,0.9809,1.0,0.8,0.7714,0.9105
7,8,Photometric,Photometric,False,22,37,1.0,0.7979,1.0,1.0,0.6667,0.8929
8,9,Photometric,Photometric,False,37,26,1.0,0.8579,1.0,0.625,0.7048,0.8375
9,10,Photometric,Photometric,False,26,33,1.0,0.9016,1.0,0.7745,0.8762,0.9105
10,11,Photometric,Photometric,False,33,31,1.0,0.9732,1.0,0.8,0.7143,0.8975
11,12,Photometric,Photometric,False,31,23,1.0,0.8784,1.0,0.9,0.6857,0.8928
12,13,Photometric,Photometric,False,23,29,1.0,0.9042,1.0,0.625,0.8381,0.8735
13,14,Photometric,Photometric,False,29,32,1.0,0.9581,1.0,0.55,0.7238,0.8464
14,15,Photometric,Photometric,False,32,34,1.0,0.974,1.0,1.0,0.8,0.9548
15,16,Photometric,Photometric,False,34,36,1.0,0.9755,1.0,1.0,0.7905,0.9532
16,17,Photometric,Photometric,False,36,22,1.0,0.8074,1.0,1.0,0.781,0.9177
17,18,Photometric,Photometric,False,22,28,1.0,0.9006,1.0,1.0,0.8762,0.9554
18,19,Photometric,Photometric,False,28,37,1.0,0.886,1.0,0.8,0.7143,0.8801
19,20,Photometric,Spectroscopic,True,37,24,1.0,0.8286,1.0,0.1868,0.8095,0.765
20,21,Spectroscopic,Spectroscopic,False,24,33,1.0,0.8708,1.0,0.85,0.7619,0.8965
21,22,Spectroscopic,Spectroscopic,False,33,39,1.0,0.93,1.0,1.0,0.7333,0.9327
22,23,Spectroscopic,Spectroscopic,False,39,31,1.0,0.9051,1.0,0.85,0.7143,0.8939
23,24,Spectroscopic,Spectroscopic,False,31,24,1.0,0.8948,1.0,0.85,0.7048,0.8899
24,25,Spectroscopic,Spectroscopic,False,24,30,1.0,0.9076,1.0,1.0,0.7048,0.9225
25,26,Spectroscopic,Spectroscopic,False,30,24,1.0,0.9076,1.0,0.85,0.8286,0.9172
26,27,Spectroscopic,Spectroscopic,False,24,32,1.0,0.8826,1.0,0.85,0.7238,0.8913
27,28,Spectroscopic,Spectroscopic,False,32,29,1.0,0.9581,1.0,1.0,0.7429,0.9402
28,29,Spectroscopic,Spectroscopic,False,29,32,1.0,0.9581,1.0,1.0,0.7238,0.9364
29,30,Spectroscopic,Spectroscopic,False,32,23,1.0,0.8664,1.0,1.0,0.7048,0.9142
30,31,Spectroscopic,Spectroscopic,False,23,19,1.0,0.9204,1.0,0.8,0.7714,0.8984
31,32,Spectroscopic,Spectroscopic,False,19,33,1.0,0.7868,1.0,0.8,0.8286,0.8831
32,33,Spectroscopic,Spectroscopic,False,33,29,1.0,0.9454,1.0,1.0,0.6952,0.9281
33,34,Spectroscopic,Spectroscopic,False,29,43,1.0,0.8428,1.0,1.0,0.6571,0.9
34,35,Spectroscopic,Spectroscopic,False,43,31,1.0,0.8675,1.0,1.0,0.7905,0.9316
35,36,Spectroscopic,Spectroscopic,False,31,27,1.0,0.9418,1.0,0.725,0.6857,0.8705
36,37,Spectroscopic,Spectroscopic,False,27,29,1.0,0.9694,1.0,0.725,0.6381,0.8665
37,38,Spectroscopic,Spectroscopic,False,29,28,1.0,0.9849,1.0,1.0,0.7238,0.9417
38,39,Spectroscopic,Spectroscopic,False,28,33,1.0,0.9311,1.0,1.0,0.7048,0.9272
39,40,Spectroscopic,CrossMatch,True,33,23,1.0,0.8549,1.0,0.2516,0.6952,0.7603
40,41,CrossMatch,CrossMatch,False,23,37,1.0,0.8134,1.0,0.8125,0.8762,0.9004
41,42,CrossMatch,CrossMatch,False,37,33,1.0,0.9515,1.0,0.8125,0.9048,0.9338
42,43,CrossMatch,CrossMatch,False,33,29,1.0,0.9454,1.0,1.0,0.7238,0.9338
43,44,CrossMatch,CrossMatch,False,29,30,1.0,0.9854,1.0,0.8125,0.6476,0.8891
44,45,CrossMatch,CrossMatch,False,30,35,1.0,0.9352,1.0,0.8125,0.4857,0.8467
45,46,CrossMatch,CrossMatch,False,35,27,1.0,0.8934,1.0,0.8125,0.5714,0.8555
46,47,CrossMatch,CrossMatch,False,27,32,1.0,0.9289,1.0,1.0,0.619,0.9096
47,48,CrossMatch,CrossMatch,False,32,28,1.0,0.9437,1.0,0.8125,0.7619,0.9036
48,49,CrossMatch,CrossMatch,False,28,27,1.0,0.9843,1.0,0.9375,0.781,0.9406
49,50,CrossMatch,CrossMatch,False,27,26,1.0,0.9837,1.0,0.9375,0.7238,0.929
50,51,CrossMatch,CrossMatch,False,26,31,1.0,0.9265,1.0,1.0,0.6857,0.9224
51,52,CrossMatch,CrossMatch,False,31,30,1.0,0.9859,1.0,1.0,0.6,0.9172
52,53,CrossMatch,CrossMatch,False,30,19,1.0,0.8201,1.0,0.8125,0.7143,0.8694
53,54,CrossMatch,CrossMatch,False,19,42,1.0,0.7086,1.0,1.0,0.6667,0.875
54,55,CrossMatch,CrossMatch,False,42,33,1.0,0.9006,1.0,0.8125,0.7238,0.8874
55,56,CrossMatch,CrossMatch,False,33,29,1.0,0.9454,1.0,0.8125,0.8095,0.9135
56,57,CrossMatch,CrossMatch,False,29,39,1.0,0.8793,1.0,0.8125,0.7238,0.8831
57,58,CrossMatch,CrossMatch,False,39,24,1.0,0.8099,1.0,1.0,0.6952,0.901
58,59,CrossMatch,CrossMatch,False,24,38,1.0,0.8191,1.0,1.0,0.781,0.92
59,60,CrossMatch,Catalog,True,38,36,1.0,0.9768,1.0,0.0,0.6857,0.7325
60,61,Catalog,Catalog,False,36,31,1.0,0.9371,1.0,1.0,0.7238,0.9322
61,62,Catalog,Catalog,False,31,24,1.0,0.8948,1.0,0.5417,0.7905,0.8454
62,63,Catalog,Catalog,False,24,33,1.0,0.8708,1.0,0.5417,0.6952,0.8215
63,64,Catalog,Catalog,False,33,16,1.0,0.7302,1.0,1.0,0.7905,0.9041
64,65,Catalog,Catalog,False,16,34,1.0,0.7208,1.0,0.8333,0.6476,0.8404
65,66,Catalog,Catalog,False,34,31,1.0,0.9607,1.0,0.8333,0.5524,0.8693
66,67,Catalog,Catalog,False,31,29,1.0,0.9715,1.0,1.0,0.8095,0.9562
67,68,Catalog,Catalog,False,29,25,1.0,0.9376,1.0,0.7917,0.7905,0.9039
68,69,Catalog,Catalog,False,25,32,1.0,0.8983,1.0,1.0,0.6381,0.9073
69,70,Catalog,Catalog,False,32,25,1.0,0.8983,1.0,0.7917,0.7429,0.8866
70,71,Catalog,Catalog,False,25,24,1.0,0.9824,1.0,1.0,0.7143,0.9393
71,72,Catalog,Catalog,False,24,32,1.0,0.8826,1.0,1.0,0.7524,0.927
72,73,Catalog,Catalog,False,32,31,1.0,0.9863,1.0,0.7917,0.7333,0.9023
73,74,Catalog,Catalog,False,31,32,1.0,0.9863,1.0,0.7917,0.5905,0.8737
74,75,Catalog,Catalog,False,32,24,1.0,0.8826,1.0,0.7917,0.7429,0.8834
75,76,Catalog,Catalog,False,24,26,1.0,0.9658,1.0,0.7917,0.7619,0.9039
76,77,Catalog,Catalog,False,26,31,1.0,0.9265,1.0,0.7917,0.7619,0.896
77,78,Catalog,Catalog,False,31,28,1.0,0.9568,1.0,0.7917,0.8571,0.9211
78,79,Catalog,Catalog,False,28,29,1.0,0.9849,1.0,0.7917,0.6571,0.8867
