run,window,seq,query,mem_rss_mb,mem_delta_mb,cpu_user_ms,cpu_sys_ms,disk_read_kb,disk_write_kb
2,0,0,Q14,1109.71875,0.0156,0.7782,1.1116,0.0,0.0
2,0,1,Q14,1109.71875,0.0,0.6205,1.0022,0.0,0.0
2,0,2,Q14,1109.71875,0.0,0.7188,0.9828,0.0,0.0
2,0,3,Q6,1109.71875,0.0,0.726,1.142,8.0,1236.0
2,0,4,Q1,1109.71875,0.0,0.9021,1.2047,0.0,2944.0
2,0,5,Q12,1109.71875,0.0,0.8806,1.0885,0.0,0.0
2,0,6,Q14,1109.71875,0.0,0.682,0.9948,0.0,0.0
2,0,7,Q6,1109.71875,0.0,0.684,1.0609,0.0,0.0
2,0,8,Q14,1109.71875,0.0,0.7045,1.0545,0.0,0.0
2,0,9,Q1,1109.71875,0.0,0.8704,1.2064,156.0,0.0
2,0,10,Q14,1109.71875,0.0,0.5775,0.718,0.0,0.0
2,0,11,Q12,1109.71875,0.0,0.7363,0.828,0.0,0.0
2,0,12,Q6,1109.71875,0.0,0.6011,0.8593,0.0,0.0
2,0,13,Q1,1109.71875,0.0,0.895,1.1658,0.0,56.0
2,0,14,Q1,1109.71875,0.0,0.8755,1.2297,0.0,64.0
2,0,15,Q14,1109.71875,0.0,0.7926,1.1351,0.0,0.0
2,0,16,Q14,1109.71875,0.0,0.556,0.6893,0.0,0.0
2,0,17,Q14,1109.71875,0.0,0.5171,0.729,0.0,0.0
2,0,18,Q14,1109.71875,0.0,0.6072,0.9117,0.0,0.0
2,0,19,Q14,1109.71875,0.0,0.6595,0.9413,0.0,0.0
2,0,20,Q12,1109.71875,0.0,0.7997,0.9829,0.0,0.0
2,0,21,Q12,1109.71875,0.0,0.7987,1.1575,0.0,0.0
2,0,22,Q14,1109.71875,0.0,0.7404,0.9892,0.0,0.0
2,0,23,Q12,1109.71875,0.0,0.684,0.8845,0.0,0.0
2,0,24,Q14,1109.71875,0.0,0.7055,0.9274,0.0,0.0
2,0,25,Q12,1109.71875,0.0,0.8356,1.0958,0.0,0.0
2,0,26,Q14,1109.71875,0.0,0.6042,0.9514,0.0,0.0
2,0,27,Q14,1109.71875,0.0,0.7188,0.9583,0.0,0.0
2,1,28,Q1,1109.71875,0.0,0.7526,1.0039,20.0,1056.0
2,1,29,Q6,1109.71875,0.0,0.7936,1.2015,0.0,0.0
2,1,30,Q1,1109.71875,0.0,0.8468,1.1228,36.0,12.0
2,1,31,Q12,1109.71875,0.0,0.8325,1.0739,0.0,0.0
2,1,32,Q14,1109.71875,0.0,0.7137,0.9248,0.0,0.0
2,1,33,Q14,1109.71875,0.0,0.6523,0.8765,0.0,0.0
2,1,34,Q10,1109.71875,0.0,1.1141,1.1434,0.0,0.0
2,1,35,Q14,1109.71875,0.0,0.638,0.858,0.0,0.0
2,1,36,Q14,1109.71875,0.0,0.6625,1.07,0.0,40.0
2,1,37,Q12,1109.71875,0.0,0.7895,0.977,0.0,0.0
2,1,38,Q14,1109.71875,0.0,0.5755,0.9149,0.0,0.0
2,1,39,Q12,1109.71875,0.0,0.7619,1.0267,0.0,0.0
2,1,40,Q14,1109.71875,0.0,0.7608,1.1283,0.0,0.0
2,1,41,Q14,1109.71875,0.0,0.5581,0.6961,0.0,0.0
2,1,42,Q12,1109.71875,0.0,0.8714,1.0294,16.0,0.0
2,1,43,Q14,1109.71875,0.0,0.7414,1.0792,0.0,0.0
2,1,44,Q12,1109.71875,0.0,0.8632,1.1437,0.0,0.0
2,1,45,Q12,1109.71875,0.0,0.809,1.0401,0.0,0.0
2,1,46,Q14,1109.71875,0.0,0.6554,0.901,0.0,0.0
2,1,47,Q14,1109.71875,0.0,0.6707,1.0387,0.0,0.0
2,2,48,Q12,1109.71875,0.0,0.6799,1.0291,0.0,0.0
2,2,49,Q12,1109.71875,0.0,0.8018,1.0374,0.0,0.0
2,2,50,Q5,1109.71875,0.0,1.0885,1.2101,0.0,0.0
2,2,51,Q5,1109.71875,0.0,0.939,1.1901,0.0,0.0
2,2,52,Q14,1109.71875,0.0,0.683,1.0497,0.0,0.0
2,2,53,Q12,1109.71875,0.0,0.7168,0.9215,0.0,0.0
2,2,54,Q12,1109.71875,0.0,0.767,1.1918,0.0,0.0
2,2,55,Q14,1109.71875,0.0,0.7188,0.9701,0.0,0.0
2,2,56,Q14,1109.71875,0.0,0.5345,0.7485,0.0,0.0
2,2,57,Q14,1109.71875,0.0,0.6748,0.8868,0.0,0.0
2,2,58,Q14,1109.71875,0.0,0.4413,0.452,0.0,0.0
2,2,59,Q12,1109.71875,0.0,0.7885,1.0294,0.0,0.0
2,2,60,Q12,1109.71875,0.0,0.6892,0.8589,0.0,0.0
2,2,61,Q14,1109.71875,0.0,0.5888,0.8421,0.0,0.0
2,2,62,Q14,1109.71875,0.0,0.5878,0.7707,0.0,0.0
2,2,63,Q12,1109.71875,0.0,0.6646,0.7451,0.0,0.0
2,2,64,Q6,1109.71875,0.0,0.6922,1.1319,0.0,0.0
2,2,65,Q14,1109.71875,0.0,0.471,0.5586,0.0,0.0
2,2,66,Q12,1109.71875,0.0,0.9124,1.1978,0.0,0.0
2,2,67,Q12,1109.71875,0.0,0.8929,1.1692,0.0,0.0
2,3,68,Q12,1109.71875,0.0,0.8294,1.0798,0.0,0.0
2,3,69,Q14,1109.71875,0.0,0.6676,0.8961,0.0,0.0
2,3,70,Q14,1109.71875,0.0,0.7926,1.0542,0.0,0.0
2,3,71,Q14,1109.71875,0.0,0.6564,0.9732,0.0,0.0
2,3,72,Q1,1109.71875,0.0,0.9011,1.1278,536.0,468.0
2,3,73,Q1,1109.71875,0.0,0.7997,0.9065,0.0,196.0
2,3,74,Q1,1109.71875,0.0,0.8294,1.0536,0.0,0.0
2,3,75,Q14,1109.71875,0.0,0.6339,0.956,0.0,0.0
2,3,76,Q14,1109.71875,0.0,0.598,0.7734,0.0,0.0
2,3,77,Q14,1109.71875,0.0,0.5356,0.7218,0.0,0.0
2,3,78,Q14,1109.71875,0.0,0.5878,0.8727,0.0,0.0
2,3,79,Q1,1109.71875,0.0,0.7711,0.9347,0.0,0.0
2,3,80,Q1,1109.71875,0.0,0.8827,1.2028,16.0,0.0
2,3,81,Q1,1109.71875,0.0,0.7967,1.0252,0.0,0.0
2,3,82,Q6,1109.71875,0.0,0.727,1.1611,0.0,0.0
2,3,83,Q14,1109.71875,0.0,0.6093,0.9215,0.0,0.0
2,3,84,Q12,1109.71875,0.0,0.8172,1.0067,0.0,0.0
2,3,85,Q1,1109.71875,0.0,0.938,1.1956,0.0,0.0
2,3,86,Q1,1109.71875,0.0,0.7905,1.0062,0.0,0.0
2,3,87,Q14,1109.71875,0.0,0.5878,0.6956,0.0,0.0
2,3,88,Q1,1109.71875,0.0,0.7649,0.8901,0.0,0.0
2,3,89,Q1,1109.71875,0.0,0.726,1.0323,180.0,16.0
2,3,90,Q1,1109.71875,0.0,0.9001,1.1951,0.0,0.0
2,3,91,Q14,1109.71875,0.0,0.6861,0.9715,0.0,0.0
2,3,92,Q14,1109.71875,0.0,0.555,0.8896,0.0,0.0
2,3,93,Q1,1109.71875,0.0,0.77,0.9491,32.0,0.0
2,3,94,Q12,1109.71875,0.0,0.9349,1.27,0.0,0.0
2,3,95,Q1,1109.71875,0.0,0.7117,0.891,0.0,276.0
2,3,96,Q14,1109.71875,0.0,0.5427,0.6313,0.0,0.0
2,3,97,Q14,1109.71875,0.0,0.6042,0.7871,0.0,0.0
2,3,98,Q1,1109.71875,0.0,0.6574,0.8509,0.0,0.0
2,3,99,Q12,1109.71875,0.0,0.9042,1.1474,0.0,0.0
2,3,100,Q1,1109.71875,0.0,0.8643,1.1136,16.0,0.0
2,3,101,Q14,1109.71875,0.0,0.7434,0.9626,0.0,0.0
2,3,102,Q12,1109.71875,0.0,0.7936,1.0263,0.0,0.0
2,4,103,Q1,1109.71875,0.0,0.5601,0.7671,0.0,0.0
2,4,104,Q6,1109.71875,0.0,0.6513,0.8465,0.0,0.0
2,4,105,Q1,1109.71875,0.0,0.6195,0.7863,164.0,1048.0
2,4,106,Q6,1109.71875,0.0,0.598,0.9117,0.0,0.0
2,4,107,Q14,1109.71875,0.0,0.6349,0.725,0.0,0.0
2,4,108,Q14,1109.71875,0.0,0.3881,0.66,0.0,0.0
2,4,109,Q14,1109.71875,0.0,0.512,0.6107,0.0,0.0
2,4,110,Q6,1109.71875,0.0,0.6175,0.8815,0.0,0.0
2,4,111,Q1,1109.71875,0.0,0.8038,0.9601,0.0,4.0
2,4,112,Q12,1109.71875,0.0,0.811,0.953,0.0,0.0
2,4,113,Q6,1109.71875,0.0,0.6717,0.8881,0.0,0.0
2,4,114,Q14,1109.71875,0.0,0.6871,0.9971,0.0,0.0
2,4,115,Q6,1109.71875,0.0,0.7035,1.0833,0.0,0.0
2,4,116,Q6,1109.71875,0.0,0.5775,0.8796,0.0,0.0
2,5,117,Q6,1109.71875,0.0,0.6502,1.083,16.0,0.0
2,5,118,Q6,1109.71875,0.0,0.7772,1.1284,0.0,0.0
2,5,119,Q1,1109.71875,0.0,0.6932,0.88,0.0,0.0
2,5,120,Q12,1109.71875,0.0,0.81,0.9192,0.0,0.0
2,5,121,Q6,1109.71875,0.0,0.7803,1.1308,0.0,0.0
2,5,122,Q6,1109.71875,0.0,0.6308,0.9788,0.0,0.0
2,5,123,Q14,1109.71875,0.0,0.5448,0.6872,0.0,0.0
2,5,124,Q14,1109.71875,0.0,0.382,0.513,0.0,0.0
2,5,125,Q6,1109.71875,0.0,0.5724,0.71,0.0,0.0
2,5,126,Q6,1109.71875,0.0,0.7639,1.13,0.0,0.0
2,5,127,Q12,1109.71875,0.0,0.7383,0.8998,0.0,0.0
2,5,128,Q12,1109.71875,0.0,0.7393,1.1185,0.0,0.0
2,5,129,Q12,1109.71875,0.0,0.6994,1.0203,0.0,0.0
2,5,130,Q12,1109.71875,0.0,0.853,1.1523,0.0,0.0
2,5,131,Q6,1109.71875,0.0,0.642,0.8169,0.0,0.0
2,5,132,Q12,1109.71875,0.0,0.8858,1.2127,0.0,292.0
2,5,133,Q6,1109.71875,0.0,0.7055,1.1469,0.0,1632.0
2,5,134,Q12,1109.71875,0.0,0.8755,1.1921,0.0,0.0
2,5,135,Q6,1109.71875,0.0,0.7741,1.1352,0.0,0.0
2,5,136,Q6,1109.71875,0.0,0.6482,0.8932,0.0,0.0
2,6,137,Q14,1109.71875,0.0,0.556,0.7484,0.0,0.0
2,6,138,Q1,1109.71875,0.0,0.6687,0.7639,0.0,0.0
2,6,139,Q1,1109.71875,0.0,0.7885,1.1177,0.0,0.0
2,6,140,Q6,1109.71875,0.0,0.6359,0.7665,0.0,0.0
2,6,141,Q14,1109.71875,0.0,0.6441,0.7245,0.0,0.0
2,6,142,Q1,1109.71875,0.0,0.8223,1.0648,0.0,508.0
2,6,143,Q14,1109.71875,0.0,0.7414,0.9279,0.0,0.0
2,6,144,Q12,1109.71875,0.0,0.8243,1.0907,0.0,0.0
2,6,145,Q1,1109.71875,0.0,0.6523,0.7348,0.0,0.0
2,6,146,Q14,1109.71875,0.0,0.7946,1.1277,0.0,0.0
2,6,147,Q14,1109.71875,0.0,0.639,0.7183,0.0,0.0
2,6,148,Q6,1109.71875,0.0,0.681,0.9736,0.0,0.0
2,6,149,Q6,1109.71875,0.0,0.6124,0.8037,0.0,0.0
2,6,150,Q14,1109.71875,0.0,0.7158,0.9408,0.0,0.0
2,6,151,Q14,1109.71875,0.0,0.4577,0.5416,0.0,0.0
2,6,152,Q1,1109.71875,0.0,0.895,1.2038,164.0,0.0
2,6,153,Q1,1109.71875,0.0,0.9062,1.1647,0.0,496.0
2,6,154,Q14,1109.71875,0.0,0.6984,0.842,0.0,0.0
2,7,155,Q6,1109.71875,0.0,0.4782,0.6577,0.0,0.0
2,7,156,Q14,1109.71875,0.0,0.6943,1.0826,0.0,0.0
2,7,157,Q1,1109.71875,0.0,0.7875,0.9878,0.0,0.0
2,7,158,Q1,1109.71875,0.0,0.7291,1.024,64.0,1088.0
2,7,159,Q1,1109.71875,0.0,0.7332,0.874,8.0,52.0
2,7,160,Q12,1109.71875,0.0,0.8909,1.1709,0.0,0.0
2,7,161,Q6,1109.71875,0.0,0.6932,1.1156,0.0,0.0
2,7,162,Q12,1109.71875,0.0,0.8786,1.1803,0.0,0.0
2,7,163,Q3,1109.71875,0.0,1.0711,1.2845,0.0,0.0
2,7,164,Q1,1109.71875,0.0,0.9073,1.218,0.0,0.0
2,7,165,Q1,1109.71875,0.0,0.809,1.0732,0.0,0.0
2,7,166,Q6,1109.71875,0.0,0.7793,1.131,0.0,0.0
2,7,167,Q12,1109.71875,0.0,0.9226,1.1585,0.0,0.0
2,7,168,Q14,1109.71875,0.0,0.769,1.0888,0.0,0.0
2,7,169,Q6,1109.71875,0.0,0.7578,1.1226,0.0,0.0
2,7,170,Q1,1109.71875,0.0,0.8796,1.1133,0.0,0.0
2,7,171,Q12,1109.71875,0.0,0.938,1.1365,0.0,0.0
2,7,172,Q6,1109.71875,0.0,0.77,1.1651,0.0,0.0
2,7,173,Q12,1109.71875,0.0,0.7793,1.0552,0.0,0.0
2,7,174,Q12,1109.71875,0.0,0.7516,1.0509,0.0,0.0
2,7,175,Q6,1109.71875,0.0,0.6359,0.8703,0.0,0.0
2,7,176,Q6,1109.71875,0.0,0.6103,0.8996,164.0,0.0
2,7,177,Q1,1109.71875,0.0,0.809,1.1233,0.0,0.0
2,7,178,Q1,1109.71875,0.0,0.8274,1.1331,0.0,0.0
2,8,179,Q10,1109.71875,0.0,0.7967,0.9597,0.0,0.0
2,8,180,Q5,1109.71875,0.0,1.11,1.1958,0.0,0.0
2,8,181,Q7,1109.71875,0.0,0.9943,0.9091,0.0,0.0
2,8,182,Q10,1109.71875,0.0,0.6881,0.799,0.0,0.0
2,8,183,Q10,1109.71875,0.0,1.0844,1.0378,0.0,0.0
2,8,184,Q7,1109.71875,0.0,0.9923,0.8653,0.0,0.0
2,8,185,Q7,1109.71875,0.0,0.9103,0.8097,0.0,0.0
2,8,186,Q10,1109.71875,0.0,1.0455,0.962,0.0,0.0
2,8,187,Q5,1109.71875,0.0,1.0271,0.9997,0.0,0.0
2,8,188,Q5,1109.71875,0.0,0.9308,0.8082,0.0,0.0
2,8,189,Q7,1109.71875,0.0,1.0045,0.897,0.0,580.0
2,8,190,Q7,1109.71875,0.0,0.9073,1.1295,0.0,0.0
2,8,191,Q3,1109.71875,0.0,0.8909,0.8806,0.0,0.0
2,8,192,Q10,1109.71875,0.0,1.1848,1.271,0.0,0.0
2,8,193,Q7,1109.71875,0.0,0.8622,1.1105,0.0,0.0
2,8,194,Q7,1109.71875,0.0,1.15,1.1379,0.0,0.0
2,8,195,Q5,1109.71875,0.0,0.8202,0.9505,0.0,0.0
2,8,196,Q7,1109.71875,0.0,1.1305,1.2134,0.0,0.0
2,8,197,Q5,1109.71875,0.0,0.8151,0.8556,0.0,0.0
2,8,198,Q7,1109.71875,0.0,0.8059,0.9011,0.0,0.0
2,9,199,Q3,1109.71875,0.0,0.8438,1.0033,0.0,0.0
2,9,200,Q7,1109.71875,0.0,0.9871,0.8758,0.0,0.0
2,9,201,Q5,1109.71875,0.0,1.1796,1.0703,1904.0,2040.0
2,9,202,Q7,1109.71875,0.0,0.852,0.9882,0.0,0.0
2,9,203,Q3,1109.71875,0.0,0.9472,1.055,0.0,0.0
2,9,204,Q7,1109.71875,0.0,0.9851,0.8335,16.0,8.0
2,9,205,Q10,1109.71875,0.0,1.11,1.3012,0.0,0.0
2,9,206,Q5,1109.71875,0.0,1.0179,1.0071,0.0,0.0
2,9,207,Q7,1109.71875,0.0,0.8663,0.9725,0.0,0.0
2,9,208,Q3,1109.71875,0.0,0.8684,1.1999,0.0,0.0
2,9,209,Q7,1109.71875,0.0,0.982,0.9549,0.0,0.0
2,9,210,Q5,1109.71875,0.0,0.9718,0.8745,0.0,0.0
2,9,211,Q18,1109.71875,0.0,0.9093,1.0688,0.0,0.0
2,9,212,Q5,1109.71875,0.0,1.0404,0.981,0.0,4.0
2,9,213,Q5,1109.71875,0.0,1.0537,1.0542,0.0,0.0
2,9,214,Q3,1109.71875,0.0,0.9923,1.1238,0.0,0.0
2,9,215,Q3,1109.71875,0.0,0.9226,1.0673,0.0,0.0
2,9,216,Q7,1109.71875,0.0,0.9431,1.0079,0.0,0.0
2,9,217,Q3,1109.71875,0.0,1.0895,1.2383,0.0,0.0
2,9,218,Q3,1109.71875,0.0,1.0271,1.0604,0.0,0.0
2,10,219,Q5,1109.71875,0.0,1.1008,1.1249,0.0,0.0
2,10,220,Q5,1109.71875,0.0,0.9196,0.7793,0.0,0.0
2,10,221,Q18,1109.71875,0.0,1.1295,1.0819,0.0,0.0
2,10,222,Q5,1109.71875,0.0,1.109,1.1136,0.0,0.0
2,10,223,Q5,1109.71875,0.0,1.0783,1.1313,0.0,276.0
2,10,224,Q18,1109.71875,0.0,1.1868,1.2319,0.0,0.0
2,10,225,Q5,1109.71875,0.0,0.8438,1.1648,0.0,0.0
2,10,226,Q1,1109.71875,0.0,0.8038,0.9244,16.0,36.0
2,10,227,Q5,1109.71875,0.0,0.9861,0.8794,0.0,0.0
2,10,228,Q5,1109.71875,0.0,1.0506,0.9812,0.0,0.0
2,10,229,Q7,1109.71875,0.0,1.0476,0.9999,0.0,0.0
2,10,230,Q5,1109.71875,0.0,0.9083,0.777,0.0,0.0
2,10,231,Q5,1109.71875,0.0,1.1438,1.1717,0.0,0.0
2,10,232,Q5,1109.71875,0.0,1.1192,1.1786,0.0,0.0
2,10,233,Q5,1109.71875,0.0,0.7875,0.8934,0.0,0.0
2,10,234,Q5,1109.71875,0.0,0.7516,0.8023,0.0,0.0
2,10,235,Q7,1109.71875,0.0,0.9759,0.908,0.0,0.0
2,11,236,Q3,1109.71875,0.0,0.7506,0.9178,0.0,56.0
2,11,237,Q7,1109.71875,0.0,1.0906,1.2378,32.0,120.0
2,11,238,Q10,1109.71875,0.0,0.8325,0.6228,16.0,72.0
2,11,239,Q5,1109.71875,0.0,1.0906,1.119,0.0,32.0
2,11,240,Q7,1109.71875,0.0,1.065,1.0988,0.0,16.0
2,11,241,Q5,1109.71875,0.0,1.1059,1.2232,0.0,16.0
2,11,242,Q3,1109.71875,0.0,1.0496,1.2239,0.0,0.0
2,11,243,Q5,1109.71875,0.0,1.0895,1.1981,0.0,16.0
2,11,244,Q3,1109.71875,0.0,0.9902,1.1535,0.0,0.0
2,11,245,Q5,1109.71875,0.0,1.15,1.1932,0.0,16.0
2,11,246,Q3,1109.71875,0.0,1.0199,1.2344,0.0,0.0
2,11,247,Q5,1109.71875,0.0,1.1643,1.1648,0.0,0.0
2,11,248,Q10,1109.71875,0.0,1.1284,1.1638,0.0,16.0
2,11,249,Q3,1109.71875,0.0,0.9851,1.1809,0.0,0.0
2,11,250,Q17,1109.71875,0.0,1.0271,1.2498,32.0,48.0
2,11,251,Q10,1109.71875,0.0,1.2503,1.2137,0.0,0.0
2,11,252,Q10,1109.71875,0.0,0.8489,0.8596,16.0,152.0
2,11,253,Q3,1109.71875,0.0,0.9636,0.9377,0.0,0.0
2,11,254,Q3,1109.71875,0.0,0.8223,0.7734,16.0,48.0
2,11,255,Q10,1109.71875,0.0,1.2206,1.0921,0.0,0.0
2,11,256,Q7,1109.71875,0.0,0.983,1.132,16.0,128.0
2,11,257,Q10,1109.71875,0.0,0.7741,0.9728,16.0,144.0
2,11,258,Q3,1109.71875,0.0,0.8305,1.1889,0.0,88.0
2,11,259,Q3,1109.71875,0.0,0.9513,1.0063,0.0,0.0
2,11,260,Q10,1109.71875,0.0,0.7117,0.7864,0.0,0.0
2,12,261,Q17,1109.71875,0.0,1.0537,1.0752,0.0,80.0
2,12,262,Q3,1109.71875,0.0,0.8151,0.7552,16.0,160.0
2,12,263,Q3,1109.71875,0.0,0.9626,1.0806,0.0,0.0
2,12,264,Q10,1109.71875,0.0,1.1674,1.1369,16.0,160.0
2,12,265,Q3,1109.71875,0.0,0.8694,1.1507,0.0,0.0
2,12,266,Q5,1109.734375,0.0156,1.2298,1.2716,0.0,0.0
2,12,267,Q5,1109.734375,0.0,1.1254,1.0406,0.0,0.0
2,12,268,Q10,1109.734375,0.0,1.2186,1.2462,0.0,160.0
2,12,269,Q7,1109.734375,0.0,0.8673,1.2178,0.0,144.0
2,12,270,Q3,1109.734375,0.0,0.8755,0.9556,0.0,0.0
2,12,271,Q10,1109.734375,0.0,1.1868,1.1889,16.0,144.0
2,12,272,Q3,1109.734375,0.0,1.024,1.0534,0.0,0.0
2,12,273,Q3,1109.734375,0.0,0.9738,1.1318,16.0,160.0
2,12,274,Q7,1109.734375,0.0,1.068,1.1891,0.0,160.0
2,12,275,Q5,1109.734375,0.0,1.0199,0.8753,0.0,0.0
2,12,276,Q17,1109.734375,0.0,0.9165,0.8205,16.0,188.0
2,12,277,Q7,1109.734375,0.0,1.0926,1.225,32.0,248.0
2,12,278,Q7,1109.734375,0.0,0.9226,0.855,0.0,0.0
2,12,279,Q17,1109.734375,0.0,0.8888,0.8433,0.0,16.0
2,12,280,Q7,1109.734375,0.0,1.0486,0.951,0.0,0.0
2,12,281,Q7,1109.734375,0.0,0.8223,0.7982,0.0,1756.0
2,12,282,Q10,1109.734375,0.0,0.9902,1.1082,0.0,0.0
2,12,283,Q17,1109.734375,0.0,0.6697,0.7734,16.0,32.0
2,12,284,Q7,1109.734375,0.0,0.7885,0.9626,0.0,0.0
2,12,285,Q17,1109.734375,0.0,0.9656,0.9574,0.0,0.0
2,12,286,Q3,1109.734375,0.0,1.0322,1.1919,0.0,0.0
2,12,287,Q5,1109.734375,0.0,0.7772,0.905,0.0,0.0
2,12,288,Q10,1109.734375,0.0,0.7782,0.9907,0.0,0.0
2,12,289,Q3,1109.734375,0.0,0.8387,1.1418,0.0,0.0
2,12,290,Q10,1109.734375,0.0,1.0465,1.024,0.0,0.0
2,13,291,Q3,978.84375,0.0,0.4567,0.6172,0.0,0.0
2,13,292,Q5,978.84375,0.0,1.1336,1.1912,0.0,0.0
2,13,293,Q5,978.84375,0.0,1.1315,1.1338,0.0,0.0
2,13,294,Q7,978.84375,0.0,1.1469,1.1643,0.0,0.0
2,13,295,Q3,978.84375,0.0,1.0066,1.1515,0.0,0.0
2,13,296,Q7,978.84375,0.0,1.067,1.1369,0.0,0.0
2,13,297,Q5,978.84375,0.0,1.1213,1.1668,0.0,0.0
2,13,298,Q3,978.84375,0.0,0.895,0.9062,0.0,0.0
2,13,299,Q3,978.84375,0.0,1.0025,1.1067,0.0,0.0
2,13,300,Q3,978.84375,0.0,1.0209,1.1599,0.0,0.0
2,13,301,Q7,978.84375,0.0,1.0834,1.1561,0.0,0.0
2,13,302,Q3,978.84375,0.0,0.9923,1.1807,0.0,0.0
2,13,303,Q7,978.84375,0.0,1.0813,1.1034,0.0,0.0
2,13,304,Q5,978.84375,0.0,0.852,0.7447,0.0,0.0
2,13,305,Q7,978.84375,0.0,1.0445,1.1484,0.0,0.0
2,13,306,Q7,978.84375,0.0,1.0701,1.079,0.0,0.0
2,14,307,Q5,978.84375,0.0,0.9318,1.1645,0.0,0.0
2,14,308,Q17,978.84375,0.0,1.0414,1.1896,0.0,0.0
2,14,309,Q14,978.84375,0.0,0.6932,0.9434,0.0,0.0
2,14,310,Q10,978.84375,0.0,1.2012,1.2723,0.0,0.0
2,14,311,Q17,978.84375,0.0,0.7434,1.036,0.0,0.0
2,14,312,Q10,978.84375,0.0,1.1735,1.1492,0.0,0.0
2,14,313,Q5,978.84375,0.0,0.9288,0.8333,0.0,0.0
2,14,314,Q3,978.84375,0.0,0.9871,1.0867,0.0,0.0
2,14,315,Q3,978.84375,0.0,0.981,1.1679,0.0,0.0
2,14,316,Q10,978.84375,0.0,1.1827,1.2634,0.0,0.0
2,14,317,Q17,978.84375,0.0,0.7813,1.0176,0.0,104.0
2,14,318,Q3,978.84375,0.0,0.9718,1.1141,0.0,0.0
2,14,319,Q10,978.84375,0.0,1.1254,1.0962,0.0,0.0
2,14,320,Q10,978.84375,0.0,1.2063,1.2869,0.0,0.0
2,14,321,Q7,978.84375,0.0,1.0783,1.1932,0.0,0.0
2,14,322,Q3,978.84375,0.0,1.0476,1.2237,0.0,0.0
2,14,323,Q10,978.84375,0.0,1.1397,1.1996,0.0,0.0
2,14,324,Q10,978.84375,0.0,1.1612,1.1533,0.0,0.0
2,14,325,Q10,978.84375,0.0,1.0947,1.1054,0.0,0.0
2,14,326,Q10,978.84375,0.0,1.0568,1.0199,0.0,0.0
2,14,327,Q7,978.84375,0.0,0.939,0.9014,0.0,0.0
2,14,328,Q10,978.84375,0.0,1.1428,1.2398,0.0,0.0
2,15,329,Q7,978.84375,0.0,1.0834,1.1305,0.0,0.0
2,15,330,Q10,978.84375,0.0,0.9871,0.919,0.0,184.0
2,15,331,Q5,978.84375,0.0,1.0875,1.111,0.0,0.0
2,15,332,Q7,978.84375,0.0,1.0967,1.1233,0.0,0.0
2,15,333,Q7,978.84375,0.0,0.9482,0.7647,0.0,0.0
2,15,334,Q18,978.84375,0.0,1.0363,0.9597,0.0,0.0
2,15,335,Q10,978.84375,0.0,0.6984,0.7421,0.0,0.0
2,15,336,Q7,978.84375,0.0,1.0189,1.175,0.0,0.0
2,15,337,Q10,978.84375,0.0,0.8274,1.1054,356.0,0.0
2,15,338,Q10,978.84375,0.0,1.1274,1.0191,0.0,0.0
2,15,339,Q5,978.84375,0.0,1.0721,1.0396,0.0,0.0
2,15,340,Q10,978.84375,0.0,0.937,1.2065,0.0,0.0
2,15,341,Q7,978.84375,0.0,1.0854,1.1052,0.0,0.0
2,15,342,Q10,978.84375,0.0,0.939,1.1768,0.0,0.0
2,15,343,Q7,978.84375,0.0,0.8765,1.0995,0.0,0.0
2,15,344,Q7,978.84375,0.0,0.7311,0.8817,0.0,0.0
2,15,345,Q7,978.84375,0.0,0.766,0.8758,0.0,0.0
2,15,346,Q7,978.84375,0.0,1.0066,0.9564,0.0,0.0
2,15,347,Q10,978.84375,0.0,1.0977,1.0432,0.0,0.0
2,15,348,Q7,978.84375,0.0,1.0189,1.0588,0.0,0.0
2,15,349,Q5,978.84375,0.0,0.98,0.9841,0.0,0.0
2,15,350,Q10,978.84375,0.0,0.7096,0.8123,0.0,0.0
2,15,351,Q10,978.84375,0.0,1.1244,1.0644,0.0,0.0
2,16,352,Q11,978.84375,0.0,3.7612,1.2173,0.0,0.0
2,16,353,Q11,978.84375,0.0,3.5942,1.0929,0.0,0.0
2,16,354,Q18,978.84375,0.0,1.0609,1.119,0.0,0.0
2,16,355,Q18,978.84375,0.0,1.108,1.2301,0.0,16.0
2,16,356,Q11,978.84375,0.0,5.1395,0.9923,0.0,0.0
2,16,357,Q11,978.84375,0.0,4.7329,1.0516,0.0,0.0
2,16,358,Q18,978.84375,0.0,1.1151,1.2534,0.0,0.0
2,16,359,Q17,978.84375,0.0,0.8417,0.7301,0.0,68.0
2,16,360,Q17,978.84375,0.0,0.8817,0.8891,0.0,0.0
2,16,361,Q11,978.84375,0.0,2.7187,1.09,0.0,0.0
2,16,362,Q11,978.84375,0.0,4.3878,1.0086,0.0,0.0
2,16,363,Q11,978.84375,0.0,4.0397,0.8832,0.0,0.0
2,16,364,Q11,978.84375,0.0,4.735,0.9769,0.0,0.0
2,16,365,Q11,978.84375,0.0,3.5318,1.1461,0.0,0.0
2,17,366,Q18,978.84375,0.0,0.9994,0.993,0.0,8.0
2,17,367,Q18,978.84375,0.0,1.0435,1.1305,0.0,40.0
2,17,368,Q11,978.84375,0.0,4.565,1.0931,0.0,0.0
2,17,369,Q11,978.84375,0.0,4.9091,1.0493,0.0,0.0
2,17,370,Q17,978.84375,0.0,1.0045,1.162,0.0,440.0
2,17,371,Q11,978.84375,0.0,4.9183,1.1354,0.0,0.0
2,17,372,Q18,978.84375,0.0,1.0875,1.1464,0.0,0.0
2,17,373,I_customer,978.84375,0.0,0.4485,0.8453,0.0,16.0
2,17,374,U_orders,403.46875,0.0,0.1116,0.1925,0.0,16.0
2,17,375,Q18,403.46875,0.0,0.9073,1.1333,0.0,0.0
2,17,376,Q11,403.46875,0.0,3.6823,0.8525,172.0,0.0
2,17,377,Q11,403.46875,0.0,3.626,1.0698,8.0,0.0
2,17,378,Q11,403.46875,0.0,2.646,1.2316,20.0,0.0
2,17,379,Q11,403.46875,0.0,3.413,1.1372,0.0,0.0
2,17,380,I_customer,403.46875,0.0,0.1731,0.3057,0.0,16.0
2,17,381,I_customer,403.46875,0.0,0.127,0.2903,0.0,16.0
2,17,382,Q11,403.46875,0.0,4.1216,1.0685,0.0,0.0
2,17,383,Q18,403.46875,0.0,0.7977,1.0481,0.0,820.0
2,17,384,Q11,403.46875,0.0,3.9035,1.1423,0.0,0.0
2,17,385,I_customer,403.46875,0.0,0.2099,0.3722,0.0,16.0
2,17,386,Q11,403.46875,0.0,3.5389,1.0132,0.0,0.0
2,17,387,Q11,403.46875,0.0,3.2584,1.0143,0.0,0.0
2,17,388,Q18,403.46875,0.0,1.0168,1.0452,0.0,0.0
2,17,389,I_customer,403.46875,0.0,0.3666,0.7009,0.0,16.0
2,17,390,Q18,403.46875,0.0,0.9062,0.8476,0.0,0.0
2,18,391,Q17,403.46875,0.0,0.9851,1.1018,0.0,0.0
2,18,392,Q11,403.46875,0.0,4.4984,1.0957,0.0,0.0
2,18,393,Q18,403.46875,0.0,0.983,1.2362,0.0,0.0
2,18,394,Q17,403.46875,0.0,1.0363,1.2531,0.0,0.0
2,18,395,Q17,403.46875,0.0,0.7076,0.8159,0.0,0.0
2,18,396,Q17,403.46875,0.0,0.8489,1.0721,0.0,4.0
2,18,397,Q17,403.46875,0.0,0.8233,1.1,0.0,0.0
2,18,398,Q11,403.46875,0.0,4.3346,0.7255,0.0,0.0
2,18,399,U_orders,403.484375,0.0,0.1659,0.3679,0.0,16.0
2,18,400,Q17,403.484375,0.0,1.0424,1.2508,0.0,0.0
2,18,401,Q18,403.484375,0.0,1.0916,1.1023,0.0,0.0
2,18,402,Q11,403.484375,0.0,4.1687,0.7429,0.0,0.0
2,18,403,Q17,403.484375,0.0,0.8663,0.9093,0.0,0.0
2,18,404,Q17,403.484375,0.0,1.0271,1.1208,0.0,0.0
2,18,405,Q18,403.484375,0.0,1.0906,1.2495,0.0,0.0
2,18,406,Q11,403.484375,0.0,4.3704,1.0196,0.0,0.0
2,18,407,U_orders,403.484375,0.0,0.1812,0.3807,0.0,16.0
2,18,408,Q17,403.484375,0.0,0.981,1.1564,0.0,0.0
2,18,409,Q17,403.484375,0.0,0.8049,0.7744,0.0,0.0
2,18,410,U_orders,403.484375,0.0,0.1874,0.3569,0.0,16.0
2,18,411,Q17,403.484375,0.0,0.9718,1.1761,0.0,0.0
2,18,412,Q11,403.484375,0.0,4.2762,1.0074,0.0,0.0
2,19,413,Q17,403.484375,0.0,0.9615,1.161,0.0,0.0
2,19,414,Q17,403.484375,0.0,1.0342,1.1356,0.0,0.0
2,19,415,Q11,403.484375,0.0,4.6817,0.9546,0.0,0.0
2,19,416,Q18,403.484375,0.0,1.1336,1.2805,0.0,0.0
2,19,417,Q17,403.484375,0.0,1.0557,1.1817,32.0,0.0
2,19,418,Q18,403.484375,0.0,0.9339,1.0222,0.0,0.0
2,19,419,U_orders,403.484375,0.0,0.3338,0.6446,0.0,16.0
2,19,420,Q17,403.484375,0.0,0.7813,1.1187,0.0,0.0
2,19,421,Q17,403.484375,0.0,1.0363,1.1799,0.0,0.0
2,19,422,Q17,403.484375,0.0,0.9769,1.1881,0.0,0.0
2,19,423,Q17,403.484375,0.0,0.9247,0.9869,0.0,0.0
2,19,424,Q17,403.484375,0.0,0.7731,1.1182,0.0,0.0
2,19,425,Q18,403.484375,0.0,1.0383,1.002,0.0,0.0
2,19,426,Q17,403.484375,0.0,0.81,0.7532,0.0,0.0
2,19,427,Q17,403.484375,0.0,0.6912,0.8924,0.0,0.0
2,19,428,Q11,136.546875,-266.9375,2.1053,13.6261,0.0,0.0
2,19,429,Q11,136.546875,0.0,2.4678,0.9403,0.0,0.0
2,19,430,Q18,136.546875,0.0,0.9042,0.9006,0.0,0.0
2,20,431,Q18,136.546875,0.0,1.1223,1.3084,0.0,0.0
2,20,432,Q11,136.546875,0.0,4.9889,1.1837,0.0,0.0
2,20,433,Q18,136.546875,0.0,1.108,1.1953,0.0,0.0
2,20,434,Q18,136.546875,0.0,1.1049,1.1786,0.0,0.0
2,20,435,Q11,136.546875,0.0,4.7882,1.143,0.0,0.0
2,20,436,Q11,136.546875,0.0,4.6418,1.0483,0.0,0.0
2,20,437,Q18,136.546875,0.0,0.7465,0.9354,0.0,0.0
2,20,438,Q17,136.546875,0.0,0.8305,1.1722,0.0,740.0
2,20,439,Q11,136.546875,0.0,4.4575,1.098,0.0,0.0
2,20,440,Q11,136.546875,0.0,3.4294,1.0273,0.0,0.0
2,20,441,Q18,136.546875,0.0,0.7895,1.0716,0.0,0.0
2,20,442,Q18,136.546875,0.0,1.0291,1.0268,0.0,0.0
2,20,443,Q11,136.546875,0.0,3.5318,1.089,0.0,0.0
2,20,444,Q11,136.546875,0.0,4.1779,1.1026,0.0,0.0
2,20,445,Q17,136.546875,0.0,0.9902,1.1346,0.0,0.0
2,20,446,Q18,136.546875,0.0,0.7731,0.8909,0.0,0.0
2,20,447,Q17,136.546875,0.0,0.7455,0.9508,0.0,0.0
2,20,448,Q17,136.546875,0.0,0.7209,0.9587,0.0,0.0
2,20,449,Q3,136.546875,0.0,0.8397,0.9992,0.0,0.0
2,20,450,Q11,136.546875,0.0,3.627,1.1164,0.0,0.0
2,20,451,Q17,136.546875,0.0,0.8192,1.0616,0.0,116.0
2,20,452,Q11,136.546875,0.0,4.5128,1.098,0.0,60.0
2,20,453,Q17,136.546875,0.0,0.9677,1.0998,0.0,1276.0
2,21,454,Q17,136.546875,0.0,0.94,1.1666,0.0,0.0
2,21,455,Q17,136.546875,0.0,1.0199,1.1771,0.0,0.0
2,21,456,Q17,136.546875,0.0,0.9155,1.0012,0.0,0.0
2,21,457,Q17,136.546875,0.0,0.9001,1.1441,40.0,8.0
2,21,458,Q17,136.546875,0.0,1.0404,1.2119,148.0,0.0
2,21,459,Q17,136.546875,0.0,1.0025,1.1505,0.0,16.0
2,21,460,Q17,136.546875,0.0,0.7752,0.7775,0.0,0.0
2,21,461,Q17,136.546875,0.0,1.0004,1.1272,0.0,0.0
2,21,462,Q17,136.546875,0.0,1.066,1.238,0.0,0.0
2,21,463,U_orders,136.546875,0.0,0.2468,0.4769,0.0,16.0
2,21,464,Q17,136.546875,0.0,1.0424,1.2175,0.0,0.0
2,21,465,Q17,136.546875,0.0,1.0004,1.2063,0.0,0.0
2,21,466,Q11,136.546875,0.0,4.7985,1.1287,0.0,0.0
2,21,467,Q17,136.546875,0.0,0.9615,1.1203,0.0,0.0
2,21,468,Q17,136.546875,0.0,1.0179,1.1459,0.0,0.0
2,21,469,Q17,136.546875,0.0,0.9298,1.0266,0.0,0.0
2,21,470,Q17,136.546875,0.0,1.0353,1.1581,0.0,0.0
2,21,471,Q11,136.546875,0.0,4.012,1.0414,0.0,0.0
2,21,472,Q11,136.546875,0.0,4.4513,0.9725,0.0,0.0
2,21,473,Q17,136.546875,0.0,0.724,0.9746,0.0,56.0
2,21,474,Q11,136.546875,0.0,3.9444,1.0353,0.0,0.0
2,22,475,Q11,136.546875,0.0,3.8472,1.0619,0.0,0.0
2,22,476,Q11,136.546875,0.0,2.9614,1.1013,0.0,0.0
2,22,477,Q18,136.546875,0.0,1.1162,1.2324,0.0,0.0
2,22,478,Q18,136.546875,0.0,1.0148,0.951,0.0,2616.0
2,22,479,Q18,136.546875,0.0,1.0598,1.0335,0.0,0.0
2,22,480,Q17,136.546875,0.0,0.7936,0.6062,0.0,0.0
2,22,481,Q11,136.546875,0.0,4.3581,1.086,0.0,0.0
2,22,482,Q18,136.546875,0.0,0.8366,0.7785,104.0,0.0
2,22,483,Q11,136.546875,0.0,2.516,1.0854,0.0,0.0
2,22,484,Q11,136.546875,0.0,4.4933,1.0107,0.0,0.0
2,22,485,U_orders,136.5625,0.0156,0.1761,0.3292,0.0,16.0
2,22,486,Q11,136.5625,0.0,4.3346,1.0714,0.0,0.0
2,22,487,Q11,136.5625,0.0,4.4933,1.0319,0.0,0.0
2,22,488,Q18,136.5625,0.0,0.9902,0.9446,0.0,0.0
2,22,489,Q18,136.5625,0.0,0.8714,1.0988,20.0,0.0
2,22,490,Q11,136.5625,0.0,3.4079,1.0941,0.0,4.0
2,22,491,Q11,136.5625,0.0,3.8932,1.0744,0.0,0.0
2,22,492,U_orders,136.5625,0.0,0.1669,0.343,0.0,16.0
2,22,493,Q11,136.5625,0.0,3.2461,1.0327,68.0,0.0
2,22,494,Q11,136.5625,0.0,4.0847,0.9951,0.0,0.0
2,22,495,Q17,136.5625,0.0,0.8509,0.8115,208.0,0.0
2,23,496,Q18,136.5625,0.0,1.1325,1.2055,0.0,64.0
2,23,497,Q17,136.5625,0.0,0.9615,1.0225,0.0,0.0
2,23,498,Q18,136.5625,0.0,1.1018,1.0621,0.0,48.0
2,23,499,U_orders,136.5625,0.0,0.2744,0.4856,0.0,16.0
2,23,500,Q11,136.5625,0.0,5.1302,1.1167,0.0,0.0
2,23,501,U_orders,136.5625,0.0,0.171,0.3548,0.0,16.0
2,23,502,Q17,136.5625,0.0,1.0025,1.1635,20.0,4.0
2,23,503,U_orders,136.5625,0.0,0.2007,0.404,0.0,16.0
2,23,504,Q17,136.5625,0.0,0.9851,1.1638,0.0,0.0
2,23,505,U_orders,136.5625,0.0,0.1792,0.3643,0.0,16.0
2,23,506,U_orders,136.5625,0.0,0.17,0.4006,0.0,16.0
2,23,507,U_orders,136.5625,0.0,0.1362,0.3261,0.0,16.0
2,23,508,U_orders,136.5625,0.0,0.1341,0.3159,0.0,16.0
2,23,509,Q17,136.5625,0.0,0.6994,0.8637,0.0,0.0
2,23,510,Q17,136.5625,0.0,0.7578,1.0844,0.0,0.0
2,23,511,U_orders,136.5625,0.0,0.2345,0.4408,0.0,16.0
2,23,512,U_orders,136.5625,0.0,0.1423,0.3384,0.0,16.0
2,23,513,Q17,136.5625,0.0,0.9492,1.0796,0.0,0.0
2,23,514,Q17,136.5625,0.0,0.7926,1.0813,48.0,0.0
2,23,515,Q17,136.5625,0.0,1.0158,1.215,0.0,0.0
2,23,516,Q17,136.5625,0.0,0.9708,1.0714,0.0,0.0
2,24,517,Q3,136.5625,0.0,0.852,1.1297,0.0,0.0
2,24,518,Q10,136.5625,0.0,1.0783,0.9208,0.0,0.0
2,24,519,Q3,136.5625,0.0,0.9165,1.1174,0.0,0.0
2,24,520,Q3,136.5625,0.0,0.8765,1.1973,0.0,0.0
2,24,521,Q18,136.5625,0.0,1.11,1.2641,0.0,0.0
2,24,522,Q3,136.5625,0.0,1.0056,1.2157,0.0,0.0
2,24,523,Q3,136.5625,0.0,0.9554,1.0179,0.0,0.0
2,24,524,Q3,136.5625,0.0,0.9769,1.0476,0.0,0.0
2,24,525,Q3,136.5625,0.0,0.9615,1.0675,80.0,24.0
2,24,526,Q3,136.5625,0.0,1.0199,1.2634,0.0,60.0
2,24,527,Q3,136.5625,0.0,0.8335,0.8571,0.0,0.0
2,24,528,Q3,136.5625,0.0,1.0301,1.1832,0.0,0.0
2,24,529,Q3,136.5625,0.0,0.9615,1.1108,0.0,0.0
2,24,530,Q18,136.5625,0.0,1.067,1.184,0.0,0.0
2,24,531,Q3,136.5625,0.0,0.9267,0.9902,0.0,0.0
2,24,532,Q3,136.5625,0.0,0.8806,0.9672,0.0,0.0
2,24,533,Q3,136.5625,0.0,0.6267,0.7864,0.0,0.0
2,24,534,Q18,136.5625,0.0,1.0209,1.0511,0.0,0.0
2,24,535,Q3,136.5625,0.0,0.8919,1.1942,0.0,0.0
2,24,536,Q17,136.5625,0.0,0.8315,0.8108,0.0,0.0
2,24,537,Q18,136.5625,0.0,1.023,1.0002,0.0,0.0
2,24,538,Q3,136.5625,0.0,0.9073,1.0227,0.0,0.0
2,24,539,Q3,136.5625,0.0,0.7619,0.9508,0.0,0.0
2,25,540,Q18,136.578125,0.0,1.1264,1.2372,0.0,672.0
2,25,541,Q18,136.578125,0.0,0.9902,1.2815,0.0,0.0
2,25,542,Q3,136.578125,0.0,0.9882,1.0552,0.0,0.0
2,25,543,U_customer,136.578125,0.0,0.2304,0.4703,0.0,16.0
2,25,544,Q18,136.578125,0.0,1.0015,1.0752,0.0,0.0
2,25,545,Q18,136.578125,0.0,0.7619,0.8832,48.0,0.0
2,25,546,Q18,136.578125,0.0,0.9421,1.1026,36.0,0.0
2,25,547,Q10,136.578125,0.0,0.7137,0.7736,0.0,0.0
2,25,548,Q3,136.578125,0.0,0.8581,0.9201,0.0,0.0
2,25,549,Q10,136.578125,0.0,0.7629,1.0071,0.0,0.0
2,25,550,U_customer,136.578125,0.0,0.2294,0.4224,0.0,16.0
2,25,551,Q18,136.578125,0.0,1.0148,1.0911,0.0,0.0
2,25,552,U_customer,136.578125,0.0,0.2191,0.4408,0.0,16.0
2,25,553,Q18,136.578125,0.0,0.9513,0.8883,0.0,4.0
2,25,554,Q18,136.578125,0.0,1.0988,1.206,0.0,0.0
2,25,555,Q18,136.578125,0.0,1.0732,1.2116,0.0,0.0
2,25,556,Q18,136.578125,0.0,1.0947,1.2452,0.0,0.0
2,25,557,U_customer,136.578125,0.0,0.2816,0.5135,0.0,16.0
2,25,558,Q3,136.578125,0.0,0.8663,0.9226,0.0,4.0
2,26,559,Q10,136.578125,0.0,0.8018,0.844,0.0,0.0
2,26,560,Q3,136.578125,0.0,0.8847,1.1589,0.0,16.0
2,26,561,Q10,136.578125,0.0,0.8417,0.9011,0.0,0.0
2,26,562,I_customer,136.578125,0.0,0.4065,0.7644,0.0,16.0
2,26,563,Q3,136.578125,0.0,0.8776,0.8965,0.0,0.0
2,26,564,Q3,136.578125,0.0,1.0045,1.1487,0.0,0.0
2,26,565,Q3,136.578125,0.0,0.6615,0.7982,0.0,0.0
2,26,566,Q18,136.578125,0.0,0.8151,1.0588,28.0,0.0
2,26,567,I_customer,136.578125,0.0,0.3758,0.7444,0.0,16.0
2,26,568,Q17,136.578125,0.0,1.0312,1.2173,0.0,0.0
2,26,569,Q17,136.578125,0.0,1.0322,1.2076,0.0,0.0
2,26,570,Q10,136.578125,0.0,0.8233,1.0409,0.0,0.0
2,26,571,U_customer,136.578125,0.0,0.255,0.4687,0.0,16.0
2,26,572,Q18,136.578125,0.0,0.9574,1.0524,0.0,0.0
2,26,573,Q3,136.578125,0.0,0.7905,1.0506,0.0,0.0
2,26,574,Q3,136.578125,0.0,1.0476,1.1835,0.0,0.0
2,27,575,Q10,136.578125,0.0,0.9748,1.1026,0.0,0.0
2,27,576,Q3,136.578125,0.0,1.0291,1.1592,0.0,0.0
2,27,577,U_customer,136.578125,0.0,0.2488,0.4749,0.0,16.0
2,27,578,Q18,136.578125,0.0,1.0967,1.2032,0.0,0.0
2,27,579,Q10,136.578125,0.0,0.8837,1.1464,0.0,0.0
2,27,580,Q18,136.578125,0.0,1.0906,1.196,0.0,0.0
2,27,581,U_customer,136.578125,0.0,0.2396,0.4436,0.0,16.0
2,27,582,U_customer,136.578125,0.0,0.1812,0.3904,0.0,16.0
2,27,583,Q3,136.578125,0.0,0.8755,1.0867,0.0,0.0
2,27,584,Q3,136.578125,0.0,0.9452,1.1676,0.0,0.0
2,27,585,Q10,136.578125,0.0,1.0895,1.0775,0.0,0.0
2,27,586,Q3,136.578125,0.0,1.0004,1.0706,0.0,0.0
2,27,587,U_customer,136.578125,0.0,0.2324,0.4436,0.0,16.0
2,27,588,U_customer,136.578125,0.0,0.1802,0.4206,0.0,16.0
2,27,589,Q10,136.578125,0.0,1.11,1.2449,0.0,0.0
2,27,590,Q10,136.578125,0.0,1.1602,1.1402,0.0,0.0
2,27,591,Q10,136.578125,0.0,1.1878,1.2365,0.0,0.0
2,27,592,U_customer,136.578125,0.0,0.2314,0.4516,0.0,16.0
2,27,593,Q3,136.59375,0.0,0.9267,1.1901,0.0,0.0
2,27,594,I_customer,136.59375,0.0,0.2632,0.4475,0.0,16.0
2,27,595,Q10,136.59375,0.0,1.0639,1.0312,0.0,0.0
2,27,596,Q3,136.59375,0.0,0.8397,1.1366,0.0,0.0
2,28,597,Q18,136.59375,0.0,1.0783,1.0826,0.0,0.0
2,28,598,D_orders,136.59375,0.0,0.2386,0.4449,16.0,16.0
2,28,599,Q3,136.59375,0.0,0.7731,0.6316,0.0,0.0
2,28,600,Q10,136.59375,0.0,1.0844,1.1986,0.0,0.0
2,28,601,D_orders,136.59375,0.0,0.2488,0.5074,0.0,0.0
2,28,602,Q10,136.59375,0.0,1.1295,1.1149,0.0,0.0
2,28,603,Q10,136.59375,0.0,0.9789,1.2792,16.0,16.0
2,28,604,Q10,136.59375,0.0,1.0752,1.1356,0.0,0.0
2,28,605,Q10,136.59375,0.0,1.0547,1.1405,0.0,0.0
2,28,606,Q3,136.59375,0.0,0.9216,1.0557,0.0,0.0
2,28,607,Q3,136.59375,0.0,0.9523,1.1228,0.0,0.0
2,28,608,Q10,136.59375,0.0,1.1684,1.247,0.0,0.0
2,28,609,Q3,136.59375,0.0,0.9851,1.1858,0.0,0.0
2,28,610,Q18,136.59375,0.0,1.1387,1.3041,0.0,0.0
2,28,611,Q10,136.59375,0.0,0.9687,0.83,0.0,0.0
2,28,612,D_orders,136.59375,0.0,0.3922,0.7186,0.0,0.0
2,28,613,D_orders,136.59375,0.0,0.2007,0.4388,0.0,0.0
2,28,614,Q3,136.59375,0.0,0.7813,0.7168,0.0,16.0
2,28,615,Q3,136.59375,0.0,1.0025,1.2534,0.0,0.0
2,29,616,Q3,136.59375,0.0,0.6953,0.7401,0.0,0.0
2,29,617,Q10,136.59375,0.0,1.0691,1.0276,0.0,0.0
2,29,618,Q10,136.59375,0.0,1.1182,1.065,0.0,0.0
2,29,619,Q3,136.59375,0.0,1.024,1.2268,0.0,0.0
2,29,620,Q10,136.59375,0.0,1.1387,1.2037,0.0,1236.0
2,29,621,Q3,136.59375,0.0,0.9267,1.2093,0.0,0.0
2,29,622,Q18,136.59375,0.0,1.0875,1.2252,0.0,0.0
2,29,623,Q3,136.59375,0.0,1.0015,1.2785,0.0,0.0
2,29,624,Q10,136.59375,0.0,1.0762,1.0483,0.0,0.0
2,29,625,Q18,136.59375,0.0,1.108,1.2078,40.0,2516.0
2,29,626,Q3,136.59375,0.0,1.0424,1.1835,0.0,0.0
2,29,627,Q10,136.59375,0.0,1.1438,1.1837,0.0,0.0
2,29,628,Q3,136.59375,0.0,0.9861,1.1551,0.0,0.0
2,29,629,Q10,136.59375,0.0,1.1049,1.131,0.0,0.0
2,29,630,Q3,136.59375,0.0,0.9779,1.1471,0.0,0.0
2,29,631,Q10,136.59375,0.0,1.1121,1.1594,0.0,0.0
2,29,632,Q10,136.59375,0.0,0.9677,1.2042,0.0,0.0
2,29,633,Q10,136.59375,0.0,1.1254,1.036,0.0,0.0
2,29,634,Q10,136.59375,0.0,0.7741,0.6413,0.0,0.0
2,30,635,Q3,136.59375,0.0,0.8448,1.0936,0.0,0.0
2,30,636,Q18,136.59375,0.0,0.981,1.2508,0.0,0.0
2,30,637,Q18,136.59375,0.0,0.9462,0.9039,0.0,0.0
2,30,638,Q3,136.59375,0.0,0.7967,1.1479,0.0,0.0
2,30,639,Q3,136.59375,0.0,0.8172,0.9987,0.0,0.0
2,30,640,Q18,136.59375,0.0,1.1356,1.1346,0.0,0.0
2,30,641,Q3,136.59375,0.0,1.0506,1.1589,0.0,0.0
2,30,642,Q3,136.59375,0.0,1.0322,1.1986,0.0,0.0
2,30,643,Q3,136.59375,0.0,1.0271,1.1692,0.0,0.0
2,30,644,Q11,136.59375,0.0,4.8128,1.0391,0.0,0.0
2,30,645,Q10,136.59375,0.0,0.9431,0.8517,0.0,0.0
2,30,646,Q18,136.59375,0.0,1.0066,1.1018,764.0,248.0
2,30,647,Q10,136.59375,0.0,0.9503,1.2247,0.0,0.0
2,30,648,Q3,136.59375,0.0,0.811,1.1625,0.0,0.0
2,30,649,Q18,136.59375,0.0,0.8172,0.8993,1176.0,648.0
2,30,650,Q18,136.59375,0.0,0.8008,0.9736,988.0,1632.0
2,30,651,Q3,136.59375,0.0,0.7834,1.0749,408.0,36.0
2,30,652,Q3,136.59375,0.0,0.9789,1.1994,0.0,0.0
2,30,653,Q11,136.59375,0.0,3.9916,1.1766,0.0,0.0
2,30,654,Q18,136.59375,0.0,0.7107,0.8684,112.0,1020.0
2,30,655,Q11,136.59375,0.0,4.5015,1.1077,0.0,0.0
2,30,656,Q11,136.59375,0.0,4.6838,1.0796,0.0,0.0
2,30,657,Q11,136.59375,0.0,3.9424,1.1057,52.0,0.0
2,31,658,Q18,136.609375,0.0,1.0363,1.0716,1248.0,1452.0
2,31,659,Q10,136.609375,0.0,0.9728,0.9889,0.0,0.0
2,31,660,Q18,136.609375,0.0,0.6902,0.7685,0.0,0.0
2,31,661,Q18,136.609375,0.0,1.1151,1.2022,0.0,40.0
2,31,662,Q10,136.609375,0.0,0.9748,0.9132,0.0,0.0
2,31,663,Q10,136.609375,0.0,0.9185,0.8223,0.0,0.0
2,31,664,Q3,136.609375,0.0,0.7711,0.7565,0.0,0.0
2,31,665,U_orders,136.609375,0.0,0.3328,0.6702,0.0,16.0
2,31,666,Q3,136.609375,0.0,0.9247,1.1397,0.0,0.0
2,31,667,Q18,136.609375,0.0,0.9646,0.8906,0.0,4.0
2,31,668,Q3,136.609375,0.0,0.8735,1.0757,0.0,0.0
2,31,669,Q10,136.609375,0.0,0.9155,0.7928,0.0,0.0
2,31,670,Q3,136.609375,0.0,0.8827,0.9193,0.0,0.0
2,31,671,Q3,136.609375,0.0,0.6799,0.8596,0.0,0.0
2,31,672,D_orders,136.609375,0.0,0.3164,0.6106,0.0,0.0
2,31,673,Q3,136.609375,0.0,0.8315,0.8128,0.0,0.0
2,31,674,Q3,136.609375,0.0,0.9923,1.1955,0.0,16.0
2,31,675,Q18,136.609375,0.0,1.0588,1.0156,0.0,56.0
2,31,676,Q10,136.609375,0.0,0.9257,1.0872,12.0,0.0
2,31,677,Q3,136.609375,0.0,0.8356,0.8379,0.0,0.0
2,31,678,Q18,136.609375,0.0,1.0179,1.1543,0.0,0.0
2,31,679,Q3,136.609375,0.0,1.0015,1.1653,0.0,0.0
2,31,680,Q18,136.609375,0.0,1.151,1.2388,0.0,68.0
2,31,681,Q18,136.609375,0.0,1.0977,1.1991,0.0,12.0
2,31,682,Q18,136.609375,0.0,0.7905,1.0273,0.0,0.0
2,31,683,Q10,136.609375,0.0,0.6697,0.7498,0.0,0.0
2,31,684,Q3,136.609375,0.0,0.9318,1.0081,0.0,0.0
2,31,685,Q18,136.609375,0.0,0.9708,0.9262,0.0,0.0
