run,window,phase,seq,query,op_type,exec_ms,ok,err,planning_ms,exec_ms_pg,rows_returned,shared_blks_hit,shared_blks_read,temp_blks_written
3,0,Reporting,0,Q1,SELECT,1034.891,True,,0.262,545.808,4,22510,1046,0
3,0,Reporting,1,Q14,SELECT,23.7342,True,,0.192,12.476,1,9228,1,0
3,0,Reporting,2,Q14,SELECT,19.9407,True,,0.035,10.228,1,9229,0,0
3,0,Reporting,3,Q12,SELECT,94.2771,True,,0.185,46.879,2,47564,0,0
3,0,Reporting,4,Q1,SELECT,1013.5425,True,,0.06,512.754,4,23553,0,0
3,0,Reporting,5,Q6,SELECT,61.6048,True,,0.041,30.835,1,21114,1,0
3,0,Reporting,6,Q14,SELECT,22.7557,True,,0.061,12.308,1,9229,0,0
3,0,Reporting,7,Q14,SELECT,19.651,True,,0.039,10.055,1,9229,0,0
3,0,Reporting,8,Q14,SELECT,19.8966,True,,0.04,9.978,1,9229,0,0
3,0,Reporting,9,Q14,SELECT,20.2289,True,,0.045,10.601,1,9229,0,0
3,0,Reporting,10,Q14,SELECT,19.0175,True,,0.026,9.807,1,9229,0,0
3,0,Reporting,11,Q14,SELECT,19.6272,True,,0.045,10.077,1,9229,0,0
3,0,Reporting,12,Q14,SELECT,19.4008,True,,0.046,9.825,1,9229,0,0
3,0,Reporting,13,Q14,SELECT,20.7336,True,,0.038,10.73,1,9229,0,0
3,0,Reporting,14,Q6,SELECT,61.779,True,,0.022,30.977,1,21115,0,0
3,0,Reporting,15,Q14,SELECT,22.1768,True,,0.061,11.974,1,9229,0,0
3,1,Reporting,16,Q1,SELECT,1035.4272,True,,0.247,549.1,4,23556,0,0
3,1,Reporting,17,Q12,SELECT,94.7733,True,,0.248,46.7,2,47564,0,0
3,1,Reporting,18,Q1,SELECT,950.1885,True,,0.067,484.581,4,23553,0,0
3,1,Reporting,19,Q12,SELECT,94.4808,True,,0.114,46.784,2,47564,0,0
3,1,Reporting,20,Q12,SELECT,93.968,True,,0.085,46.55,2,47564,0,0
3,1,Reporting,21,Q12,SELECT,93.8257,True,,0.077,46.54,2,47564,0,0
3,1,Reporting,22,Q1,SELECT,977.8743,True,,0.061,512.935,4,23553,0,0
3,1,Reporting,23,Q1,SELECT,944.1589,True,,0.062,472.874,4,23553,0,0
3,1,Reporting,24,Q7,SELECT,184.4709,True,,0.535,98.535,4,290981,0,0
3,1,Reporting,25,Q12,SELECT,97.3853,True,,0.084,49.585,2,47564,0,0
3,1,Reporting,26,Q12,SELECT,93.278,True,,0.083,46.102,2,47564,0,0
3,1,Reporting,27,Q7,SELECT,184.9974,True,,0.282,98.688,4,290978,0,0
3,1,Reporting,28,Q6,SELECT,61.3125,True,,0.057,30.394,1,21115,0,0
3,1,Reporting,29,Q1,SELECT,943.6859,True,,0.077,481.395,4,23553,0,0
3,1,Reporting,30,Q1,SELECT,941.7662,True,,0.049,478.544,4,23553,0,0
3,1,Reporting,31,Q14,SELECT,23.315,True,,0.163,12.34,1,9229,0,0
3,2,Reporting,32,Q1,SELECT,1158.8919,True,,0.264,598.026,4,23556,0,0
3,2,Reporting,33,Q6,SELECT,66.5331,True,,0.048,34.301,1,21115,0,0
3,2,Reporting,34,Q12,SELECT,98.3686,True,,0.24,50.701,2,47564,0,0
3,2,Reporting,35,Q14,SELECT,24.2953,True,,0.144,13.364,1,9229,0,0
3,2,Reporting,36,Q6,SELECT,64.1152,True,,0.035,32.593,1,21115,0,0
3,2,Reporting,37,Q1,SELECT,952.1281,True,,0.052,495.755,4,23553,0,0
3,2,Reporting,38,Q14,SELECT,22.721,True,,0.08,11.969,1,9229,0,0
3,2,Reporting,39,Q1,SELECT,931.3283,True,,0.043,474.44,4,23553,0,0
3,2,Reporting,40,Q6,SELECT,62.158,True,,0.041,30.783,1,21115,0,0
3,2,Reporting,41,Q6,SELECT,61.1474,True,,0.039,30.218,1,21115,0,0
3,2,Reporting,42,Q6,SELECT,59.7723,True,,0.044,29.045,1,21115,0,0
3,2,Reporting,43,Q6,SELECT,59.3526,True,,0.051,29.18,1,21115,0,0
3,2,Reporting,44,Q1,SELECT,938.9191,True,,0.062,478.553,4,23553,0,0
3,2,Reporting,45,Q6,SELECT,60.0473,True,,0.036,29.875,1,21115,0,0
3,2,Reporting,46,Q14,SELECT,21.7905,True,,0.061,11.86,1,9229,0,0
3,2,Reporting,47,Q6,SELECT,59.936,True,,0.025,30.057,1,21115,0,0
3,3,Reporting,48,Q14,SELECT,31.4503,True,,0.368,18.85,1,9229,0,0
3,3,Reporting,49,Q12,SELECT,96.4654,True,,0.218,48.099,2,47564,0,0
3,3,Reporting,50,Q6,SELECT,66.9159,True,,0.051,33.913,1,21115,0,0
3,3,Reporting,51,Q14,SELECT,23.6207,True,,0.077,12.745,1,9229,0,0
3,3,Reporting,52,Q12,SELECT,94.6765,True,,0.058,46.713,2,47564,0,0
3,3,Reporting,53,Q14,SELECT,24.718,True,,0.062,13.163,1,9229,0,0
3,3,Reporting,54,Q14,SELECT,20.413,True,,0.058,10.741,1,9229,0,0
3,3,Reporting,55,Q6,SELECT,61.9231,True,,0.027,30.478,1,21115,0,0
3,3,Reporting,56,Q6,SELECT,60.8795,True,,0.043,30.347,1,21115,0,0
3,3,Reporting,57,Q6,SELECT,62.2316,True,,0.039,31.021,1,21115,0,0
3,3,Reporting,58,Q6,SELECT,63.1744,True,,0.036,30.787,1,21115,0,0
3,3,Reporting,59,Q14,SELECT,22.3386,True,,0.086,12.186,1,9229,0,0
3,3,Reporting,60,Q12,SELECT,94.8986,True,,0.062,47.085,2,47564,0,0
3,3,Reporting,61,Q6,SELECT,64.122,True,,0.052,33.136,1,21115,0,0
3,3,Reporting,62,Q14,SELECT,22.6718,True,,0.058,12.638,1,9229,0,0
3,4,Reporting,63,Q14,SELECT,28.5036,True,,0.324,17.532,1,9229,0,0
3,4,Reporting,64,Q14,SELECT,21.4919,True,,0.037,11.374,1,9229,0,0
3,4,Reporting,65,Q1,SELECT,959.5037,True,,0.054,491.458,4,23556,0,0
3,4,Reporting,66,Q3,SELECT,61.5252,True,,0.32,32.25,10,126408,1902,0
3,4,Reporting,67,Q14,SELECT,23.5033,True,,0.075,12.558,1,9229,0,0
3,4,Reporting,68,Q14,SELECT,19.4783,True,,0.036,10.213,1,9229,0,0
3,4,Reporting,69,Q14,SELECT,18.8413,True,,0.042,9.663,1,9229,0,0
3,4,Reporting,70,Q3,SELECT,58.7855,True,,0.113,29.708,10,128307,0,0
3,4,Reporting,71,Q5,SELECT,113.8447,True,,0.562,61.72,5,227598,310,0
3,4,Reporting,72,Q14,SELECT,24.0809,True,,0.064,12.95,1,9229,0,0
3,4,Reporting,73,Q14,SELECT,20.2054,True,,0.044,10.506,1,9229,0,0
3,4,Reporting,74,Q14,SELECT,19.4851,True,,0.035,10.049,1,9229,0,0
3,4,Reporting,75,Q6,SELECT,62.9115,True,,0.016,32.067,1,21115,0,0
3,4,Reporting,76,Q12,SELECT,93.222,True,,0.104,46.253,2,47564,0,0
3,4,Reporting,77,Q14,SELECT,26.6147,True,,0.061,12.322,1,9229,0,0
3,4,Reporting,78,Q14,SELECT,20.8861,True,,0.062,11.089,1,9229,0,0
3,5,Reporting,79,Q12,SELECT,97.4624,True,,0.344,48.345,2,47564,0,0
3,5,Reporting,80,Q6,SELECT,65.8328,True,,0.072,34.021,1,21115,0,0
3,5,Reporting,81,Q1,SELECT,951.8012,True,,0.076,484.461,4,23553,0,0
3,5,Reporting,82,Q1,SELECT,948.4815,True,,0.083,484.261,4,23553,0,0
3,5,Reporting,83,Q1,SELECT,961.7699,True,,0.058,477.983,4,23553,0,0
3,5,Reporting,84,Q6,SELECT,61.7271,True,,0.053,30.856,1,21115,0,0
3,5,Reporting,85,Q6,SELECT,61.4918,True,,0.05,30.568,1,21115,0,0
3,5,Reporting,86,Q6,SELECT,60.2226,True,,0.038,30.45,1,21115,0,0
3,5,Reporting,87,Q6,SELECT,60.3785,True,,0.05,30.005,1,21115,0,0
3,5,Reporting,88,Q6,SELECT,59.7133,True,,0.037,29.337,1,21115,0,0
3,5,Reporting,89,Q12,SELECT,93.6576,True,,0.103,46.541,2,47564,0,0
3,5,Reporting,90,Q1,SELECT,988.7154,True,,0.057,511.548,4,23553,0,0
3,5,Reporting,91,Q6,SELECT,60.2072,True,,0.046,30.009,1,21115,0,0
3,5,Reporting,92,Q6,SELECT,60.7439,True,,0.034,29.638,1,21115,0,0
3,5,Reporting,93,Q12,SELECT,93.3207,True,,0.09,46.279,2,47564,0,0
3,5,Reporting,94,Q12,SELECT,93.0034,True,,0.073,45.878,2,47564,0,0
3,5,Reporting,95,Q6,SELECT,62.1685,True,,0.041,30.973,1,21115,0,0
3,5,Reporting,96,Q12,SELECT,93.1273,True,,0.077,46.241,2,47564,0,0
3,5,Reporting,97,Q12,SELECT,92.3658,True,,0.067,45.764,2,47564,0,0
3,5,Reporting,98,Q6,SELECT,61.5227,True,,0.044,30.999,1,21115,0,0
3,5,Reporting,99,Q12,SELECT,93.8673,True,,0.089,46.733,2,47564,0,0
3,6,Reporting,100,Q1,SELECT,978.4704,True,,0.245,516.562,4,23556,0,0
3,6,Reporting,101,Q12,SELECT,97.6376,True,,0.266,50.261,2,47564,0,0
3,6,Reporting,102,Q12,SELECT,96.7927,True,,0.085,49.777,2,47564,0,0
3,6,Reporting,103,Q6,SELECT,62.35,True,,0.054,31.356,1,21115,0,0
3,6,Reporting,104,Q6,SELECT,60.164,True,,0.048,29.621,1,21115,0,0
3,6,Reporting,105,Q12,SELECT,97.2866,True,,0.102,50.297,2,47564,0,0
3,6,Reporting,106,Q12,SELECT,97.0239,True,,0.079,50.031,2,47564,0,0
3,6,Reporting,107,Q12,SELECT,96.551,True,,0.073,49.686,2,47564,0,0
3,6,Reporting,108,Q6,SELECT,63.8551,True,,0.046,32.121,1,21115,0,0
3,6,Reporting,109,Q1,SELECT,973.3144,True,,0.059,502.93,4,23553,0,0
3,6,Reporting,110,Q1,SELECT,981.4814,True,,0.049,492.539,4,23553,0,0
3,6,Reporting,111,Q6,SELECT,61.0601,True,,0.037,30.29,1,21115,0,0
3,6,Reporting,112,Q1,SELECT,990.6563,True,,0.058,497.396,4,23553,0,0
3,6,Reporting,113,Q12,SELECT,97.6122,True,,0.087,50.436,2,47564,0,0
3,6,Reporting,114,Q6,SELECT,62.3482,True,,0.048,31.363,1,21115,0,0
3,7,Reporting,115,Q14,SELECT,29.7668,True,,0.323,18.078,1,9229,0,0
3,7,Reporting,116,Q1,SELECT,1028.6957,True,,0.06,541.285,4,23556,0,0
3,7,Reporting,117,Q1,SELECT,938.5735,True,,0.072,474.352,4,23553,0,0
3,7,Reporting,118,Q14,SELECT,21.7583,True,,0.071,11.785,1,9229,0,0
3,7,Reporting,119,Q12,SELECT,93.45,True,,0.218,46.429,2,47564,0,0
3,7,Reporting,120,Q1,SELECT,976.0453,True,,0.064,496.467,4,23553,0,0
3,7,Reporting,121,Q12,SELECT,93.2737,True,,0.097,46.137,2,47564,0,0
3,7,Reporting,122,Q6,SELECT,61.559,True,,0.053,30.705,1,21115,0,0
3,7,Reporting,123,Q14,SELECT,21.6965,True,,0.065,11.756,1,9229,0,0
3,7,Reporting,124,Q12,SELECT,92.6913,True,,0.053,45.965,2,47564,0,0
3,7,Reporting,125,Q12,SELECT,92.482,True,,0.071,45.757,2,47564,0,0
3,7,Reporting,126,Q14,SELECT,22.5445,True,,0.056,12.487,1,9229,0,0
3,7,Reporting,127,Q14,SELECT,18.9366,True,,0.042,9.773,1,9229,0,0
3,7,Reporting,128,Q6,SELECT,59.958,True,,0.039,29.814,1,21115,0,0
3,7,Reporting,129,Q6,SELECT,59.324,True,,0.035,29.111,1,21115,0,0
3,7,Reporting,130,Q14,SELECT,21.764,True,,0.061,11.881,1,9229,0,0
3,7,Reporting,131,Q12,SELECT,102.8628,True,,0.068,45.944,2,47564,0,0
3,7,Reporting,132,Q12,SELECT,93.7779,True,,0.089,46.492,2,47564,0,0
3,7,Reporting,133,Q14,SELECT,22.9452,True,,0.071,12.658,1,9229,0,0
3,7,Reporting,134,Q12,SELECT,93.1257,True,,0.069,46.256,2,47564,0,0
3,7,Reporting,135,Q6,SELECT,62.3054,True,,0.045,31.075,1,21115,0,0
3,7,Reporting,136,Q6,SELECT,59.3657,True,,0.051,29.191,1,21115,0,0
3,8,JoinHeavy,137,Q7,SELECT,199.0294,True,,0.687,110.595,4,290984,0,0
3,8,JoinHeavy,138,Q11,SELECT,517.1981,True,,0.26,254.735,3509,89965,0,0
3,8,JoinHeavy,139,Q6,SELECT,67.8746,True,,0.036,34.9,1,21115,0,0
3,8,JoinHeavy,140,Q7,SELECT,184.4392,True,,0.287,98.371,4,290978,0,0
3,8,JoinHeavy,141,Q3,SELECT,59.6468,True,,0.143,30.284,10,128307,0,0
3,8,JoinHeavy,142,Q10,SELECT,103.986,True,,0.194,53.21,20,142302,12,0
3,8,JoinHeavy,143,Q6,SELECT,65.6445,True,,0.046,32.036,1,21115,0,0
3,8,JoinHeavy,144,Q6,SELECT,66.2063,True,,0.04,33.808,1,21115,0,0
3,8,JoinHeavy,145,Q6,SELECT,63.6378,True,,0.049,31.833,1,21115,0,0
3,8,JoinHeavy,146,Q3,SELECT,58.9391,True,,0.152,30.082,10,128307,0,0
3,8,JoinHeavy,147,Q5,SELECT,110.809,True,,0.435,59.46,5,227908,0,0
3,8,JoinHeavy,148,Q6,SELECT,62.9179,True,,0.044,32.185,1,21115,0,0
3,8,JoinHeavy,149,Q7,SELECT,186.998,True,,0.29,97.817,4,290978,0,0
3,8,JoinHeavy,150,Q3,SELECT,58.6797,True,,0.173,29.62,10,128307,0,0
3,8,JoinHeavy,151,Q3,SELECT,58.3921,True,,0.135,29.407,10,128307,0,0
3,8,JoinHeavy,152,Q3,SELECT,58.2778,True,,0.115,29.36,10,128307,0,0
3,8,JoinHeavy,153,Q6,SELECT,62.4742,True,,0.044,31.047,1,21115,0,0
3,8,JoinHeavy,154,Q3,SELECT,58.7442,True,,0.151,29.726,10,128307,0,0
3,9,JoinHeavy,155,Q5,SELECT,126.9293,True,,0.85,69.848,5,227914,0,0
3,9,JoinHeavy,156,Q5,SELECT,114.2365,True,,0.391,58.587,5,227908,0,0
3,9,JoinHeavy,157,Q10,SELECT,105.7308,True,,0.199,53.854,20,142314,0,0
3,9,JoinHeavy,158,Q3,SELECT,61.0272,True,,0.166,30.011,10,128307,0,0
3,9,JoinHeavy,159,Q5,SELECT,115.1764,True,,0.37,60.425,5,227908,0,0
3,9,JoinHeavy,160,Q3,SELECT,60.2153,True,,0.162,30.417,10,128307,0,0
3,9,JoinHeavy,161,Q3,SELECT,61.3593,True,,0.153,30.256,10,128307,0,0
3,9,JoinHeavy,162,Q3,SELECT,58.8114,True,,0.134,29.352,10,128307,0,0
3,9,JoinHeavy,163,Q3,SELECT,59.5737,True,,0.118,30.051,10,128307,0,0
3,9,JoinHeavy,164,Q10,SELECT,103.378,True,,0.198,52.438,20,142314,0,0
3,9,JoinHeavy,165,Q5,SELECT,115.4208,True,,0.374,62.204,5,227908,0,0
3,9,JoinHeavy,166,Q10,SELECT,103.9362,True,,0.203,52.739,20,142314,0,0
3,9,JoinHeavy,167,Q3,SELECT,59.8903,True,,0.155,30.658,10,128307,0,0
3,9,JoinHeavy,168,Q5,SELECT,114.5169,True,,0.392,59.661,5,227908,0,0
3,9,JoinHeavy,169,Q5,SELECT,109.8511,True,,0.363,55.481,5,227908,0,0
3,9,JoinHeavy,170,Q5,SELECT,112.5342,True,,0.35,58.328,5,227908,0,0
3,9,JoinHeavy,171,Q5,SELECT,110.9588,True,,0.301,56.583,5,227908,0,0
3,9,JoinHeavy,172,Q7,SELECT,185.8197,True,,0.282,98.729,4,290978,0,0
3,9,JoinHeavy,173,Q3,SELECT,58.2282,True,,0.138,29.616,10,128307,0,0
3,9,JoinHeavy,174,Q5,SELECT,109.3892,True,,0.339,58.401,5,227908,0,0
3,9,JoinHeavy,175,Q3,SELECT,58.5335,True,,0.155,29.797,10,128307,0,0
3,9,JoinHeavy,176,Q10,SELECT,103.8672,True,,0.195,53.09,20,142314,0,0
3,9,JoinHeavy,177,Q3,SELECT,58.4443,True,,0.134,29.41,10,128307,0,0
3,9,JoinHeavy,178,Q5,SELECT,111.173,True,,0.339,58.952,5,227908,0,0
3,9,JoinHeavy,179,Q10,SELECT,103.845,True,,0.204,52.622,20,142314,0,0
3,10,JoinHeavy,180,Q5,SELECT,129.8524,True,,0.882,72.356,5,227914,0,0
3,10,JoinHeavy,181,Q10,SELECT,105.4801,True,,0.21,53.828,20,142314,0,0
3,10,JoinHeavy,182,Q3,SELECT,60.8799,True,,0.139,30.356,10,128307,0,0
3,10,JoinHeavy,183,Q10,SELECT,104.8815,True,,0.187,53.165,20,142314,0,0
3,10,JoinHeavy,184,Q10,SELECT,104.8792,True,,0.209,53.166,20,142314,0,0
3,10,JoinHeavy,185,Q3,SELECT,59.8098,True,,0.16,30.066,10,128307,0,0
3,10,JoinHeavy,186,Q7,SELECT,188.9323,True,,0.285,101.131,4,290978,0,0
3,10,JoinHeavy,187,Q10,SELECT,103.6258,True,,0.209,52.417,20,142314,0,0
3,10,JoinHeavy,188,Q7,SELECT,186.451,True,,0.288,99.088,4,290978,0,0
3,10,JoinHeavy,189,Q10,SELECT,103.9414,True,,0.212,52.23,20,142314,0,0
3,10,JoinHeavy,190,Q3,SELECT,59.2752,True,,0.142,29.486,10,128307,0,0
3,10,JoinHeavy,191,Q10,SELECT,103.358,True,,0.194,52.094,20,142314,0,0
3,10,JoinHeavy,192,Q5,SELECT,114.2246,True,,0.381,60.943,5,227908,0,0
3,10,JoinHeavy,193,Q5,SELECT,111.7016,True,,0.326,57.49,5,227908,0,0
3,10,JoinHeavy,194,Q5,SELECT,109.2522,True,,0.321,55.513,5,227908,0,0
3,10,JoinHeavy,195,Q3,SELECT,59.8898,True,,0.143,30.258,10,128307,0,0
3,10,JoinHeavy,196,Q5,SELECT,112.5593,True,,0.343,60.138,5,227908,0,0
3,10,JoinHeavy,197,Q5,SELECT,111.1062,True,,0.347,56.805,5,227908,0,0
3,10,JoinHeavy,198,Q3,SELECT,58.591,True,,0.138,29.517,10,128307,0,0
3,11,JoinHeavy,199,Q5,SELECT,128.0483,True,,0.843,72.083,5,227914,0,0
3,11,JoinHeavy,200,Q5,SELECT,111.3495,True,,0.332,58.554,5,227908,0,0
3,11,JoinHeavy,201,Q5,SELECT,112.982,True,,0.34,57.818,5,227908,0,0
3,11,JoinHeavy,202,Q5,SELECT,111.1458,True,,0.318,58.461,5,227908,0,0
3,11,JoinHeavy,203,Q3,SELECT,60.9594,True,,0.133,30.772,10,128307,0,0
3,11,JoinHeavy,204,Q5,SELECT,116.276,True,,0.348,61.861,5,227908,0,0
3,11,JoinHeavy,205,Q3,SELECT,59.0305,True,,0.152,29.562,10,128307,0,0
3,11,JoinHeavy,206,Q7,SELECT,187.49,True,,0.294,100.418,4,290978,0,0
3,11,JoinHeavy,207,Q7,SELECT,183.7272,True,,0.284,97.499,4,290978,0,0
3,11,JoinHeavy,208,Q7,SELECT,185.1926,True,,0.286,97.677,4,290978,0,0
3,11,JoinHeavy,209,Q7,SELECT,183.584,True,,0.284,97.497,4,290978,0,0
3,11,JoinHeavy,210,Q3,SELECT,60.1816,True,,0.162,29.795,10,128307,0,0
3,11,JoinHeavy,211,Q7,SELECT,187.0965,True,,0.295,99.756,4,290978,0,0
3,11,JoinHeavy,212,Q7,SELECT,183.9576,True,,0.306,97.393,4,290978,0,0
3,11,JoinHeavy,213,Q5,SELECT,114.1345,True,,0.392,59.927,5,227908,0,0
3,12,JoinHeavy,214,Q7,SELECT,197.4048,True,,0.665,109.811,4,290984,0,0
3,12,JoinHeavy,215,Q10,SELECT,104.6453,True,,0.207,53.163,20,142314,0,0
3,12,JoinHeavy,216,Q10,SELECT,103.5042,True,,0.221,52.316,20,142314,0,0
3,12,JoinHeavy,217,Q7,SELECT,186.7442,True,,0.269,98.905,4,290978,0,0
3,12,JoinHeavy,218,Q10,SELECT,104.1416,True,,0.217,52.826,20,142314,0,0
3,12,JoinHeavy,219,Q7,SELECT,186.5084,True,,0.281,98.963,4,290978,0,0
3,12,JoinHeavy,220,Q3,SELECT,60.6297,True,,0.147,30.061,10,128307,0,0
3,12,JoinHeavy,221,Q7,SELECT,186.515,True,,0.28,99.36,4,290978,0,0
3,12,JoinHeavy,222,Q7,SELECT,185.823,True,,0.31,98.072,4,290978,0,0
3,12,JoinHeavy,223,Q7,SELECT,185.2555,True,,0.285,98.045,4,290978,0,0
3,12,JoinHeavy,224,Q3,SELECT,60.4427,True,,0.168,29.905,10,128307,0,0
3,12,JoinHeavy,225,Q10,SELECT,104.8217,True,,0.209,53.402,20,142314,0,0
3,12,JoinHeavy,226,Q7,SELECT,186.5762,True,,0.297,99.137,4,290978,0,0
3,12,JoinHeavy,227,Q7,SELECT,184.3895,True,,0.287,97.569,4,290978,0,0
3,12,JoinHeavy,228,Q3,SELECT,60.2553,True,,0.128,29.613,10,128307,0,0
3,12,JoinHeavy,229,Q3,SELECT,58.909,True,,0.141,29.763,10,128307,0,0
3,12,JoinHeavy,230,Q3,SELECT,59.9251,True,,0.117,30.611,10,128307,0,0
3,12,JoinHeavy,231,Q7,SELECT,185.7168,True,,0.276,98.649,4,290978,0,0
3,13,JoinHeavy,232,Q5,SELECT,123.9435,True,,0.8,69.573,5,227914,0,0
3,13,JoinHeavy,233,Q5,SELECT,105.4981,True,,0.363,54.548,5,227908,0,0
3,13,JoinHeavy,234,Q10,SELECT,103.5406,True,,0.19,53.071,20,142314,0,0
3,13,JoinHeavy,235,Q5,SELECT,112.5324,True,,0.334,59.512,5,227908,0,0
3,13,JoinHeavy,236,Q10,SELECT,102.3868,True,,0.197,52.315,20,142314,0,0
3,13,JoinHeavy,237,Q10,SELECT,103.8605,True,,0.197,52.935,20,142314,0,0
3,13,JoinHeavy,238,Q10,SELECT,102.8329,True,,0.207,52.046,20,142314,0,0
3,13,JoinHeavy,239,Q5,SELECT,112.4751,True,,0.35,59.658,5,227908,0,0
3,13,JoinHeavy,240,Q10,SELECT,103.3043,True,,0.198,52.197,20,142314,0,0
3,13,JoinHeavy,241,Q7,SELECT,188.0971,True,,0.282,99.986,4,290978,0,0
3,13,JoinHeavy,242,Q5,SELECT,112.75,True,,0.376,59.136,5,227908,0,0
3,13,JoinHeavy,243,Q10,SELECT,102.2425,True,,0.205,51.402,20,142314,0,0
3,13,JoinHeavy,244,Q5,SELECT,115.1822,True,,0.36,61.652,5,227908,0,0
3,13,JoinHeavy,245,Q5,SELECT,111.5758,True,,0.357,56.601,5,227908,0,0
3,14,JoinHeavy,246,Q7,SELECT,198.0809,True,,0.659,109.553,4,290984,0,0
3,14,JoinHeavy,247,Q5,SELECT,113.893,True,,0.44,59.978,5,227908,0,0
3,14,JoinHeavy,248,Q7,SELECT,185.9455,True,,0.285,97.962,4,290978,0,0
3,14,JoinHeavy,249,Q10,SELECT,102.7852,True,,0.202,52.119,20,142314,0,0
3,14,JoinHeavy,250,Q7,SELECT,186.8541,True,,0.272,99.301,4,290978,0,0
3,14,JoinHeavy,251,Q7,SELECT,185.5265,True,,0.274,97.896,4,290978,0,0
3,14,JoinHeavy,252,Q3,SELECT,61.066,True,,0.155,30.876,10,128307,0,0
3,14,JoinHeavy,253,Q7,SELECT,187.0875,True,,0.286,99.22,4,290978,0,0
3,14,JoinHeavy,254,Q5,SELECT,113.004,True,,0.519,58.811,5,227908,0,0
3,14,JoinHeavy,255,Q7,SELECT,185.1202,True,,0.269,98.348,4,290978,0,0
3,15,JoinHeavy,256,Q7,SELECT,196.7979,True,,0.661,109.695,4,290984,0,0
3,15,JoinHeavy,257,Q7,SELECT,184.9139,True,,0.32,97.522,4,290978,0,0
3,15,JoinHeavy,258,Q10,SELECT,103.5028,True,,0.216,53.129,20,142314,0,0
3,15,JoinHeavy,259,Q5,SELECT,114.8081,True,,0.449,60.652,5,227908,0,0
3,15,JoinHeavy,260,Q7,SELECT,185.0952,True,,0.3,98.559,4,290978,0,0
3,15,JoinHeavy,261,Q7,SELECT,183.7203,True,,0.286,97.016,4,290978,0,0
3,15,JoinHeavy,262,Q7,SELECT,184.4774,True,,0.274,97.103,4,290978,0,0
3,15,JoinHeavy,263,Q7,SELECT,185.3968,True,,0.271,97.416,4,290978,0,0
3,15,JoinHeavy,264,Q10,SELECT,104.6893,True,,0.203,52.468,20,142314,0,0
3,15,JoinHeavy,265,Q5,SELECT,126.1902,True,,0.4,61.747,5,227908,0,0
3,15,JoinHeavy,266,Q3,SELECT,62.9973,True,,0.156,32.458,10,128307,0,0
3,15,JoinHeavy,267,Q5,SELECT,116.8865,True,,0.386,63.574,5,227908,0,0
3,15,JoinHeavy,268,Q17,SELECT,283.9472,True,,0.187,149.197,1,47902,0,0
3,15,JoinHeavy,269,Q10,SELECT,105.2433,True,,0.217,53.373,20,142314,0,0
3,15,JoinHeavy,270,Q7,SELECT,186.4349,True,,0.281,98.996,4,290978,0,0
3,15,JoinHeavy,271,Q10,SELECT,105.071,True,,0.22,53.265,20,142314,0,0
3,15,JoinHeavy,272,Q7,SELECT,185.3771,True,,0.29,99.865,4,290978,0,0
3,15,JoinHeavy,273,Q10,SELECT,104.5934,True,,0.199,53.461,20,142314,0,0
3,15,JoinHeavy,274,Q5,SELECT,111.5187,True,,0.366,59.604,5,227908,0,0
3,15,JoinHeavy,275,Q10,SELECT,105.48,True,,0.201,52.058,20,142314,0,0
3,16,Procurement,276,Q17,SELECT,289.7731,True,,0.332,150.586,1,47902,0,0
3,16,Procurement,277,Q18,SELECT,364.425,True,,0.406,192.939,9,22672,0,0
3,16,Procurement,278,Q17,SELECT,291.2758,True,,0.109,155.409,1,47902,0,0
3,16,Procurement,279,Q11,SELECT,562.3667,True,,0.298,268.874,3509,89962,0,0
3,16,Procurement,280,Q18,SELECT,351.8035,True,,0.301,181.921,9,22666,0,0
3,16,Procurement,281,Q17,SELECT,285.4233,True,,0.107,149.886,1,47902,0,0
3,16,Procurement,282,U_orders,UPDATE,1.7524,True,,0.0,0.0,0,0,0,0
3,16,Procurement,283,Q18,SELECT,341.3838,True,,0.213,177.212,9,22666,0,0
3,16,Procurement,284,Q11,SELECT,541.1541,True,,0.133,269.252,3509,89962,0,0
3,16,Procurement,285,Q18,SELECT,341.9956,True,,0.234,173.511,9,22666,0,0
3,16,Procurement,286,Q17,SELECT,277.1538,True,,0.101,141.244,1,47902,0,0
3,16,Procurement,287,U_orders,UPDATE,0.5026,True,,0.0,0.0,0,0,0,0
3,16,Procurement,288,Q18,SELECT,336.7847,True,,0.221,177.05,9,22666,0,0
3,16,Procurement,289,Q17,SELECT,275.6867,True,,0.109,141.546,1,47902,0,0
3,16,Procurement,290,Q18,SELECT,355.3506,True,,0.249,181.504,9,22666,0,0
3,16,Procurement,291,Q18,SELECT,350.6128,True,,0.239,177.891,9,22666,0,0
3,16,Procurement,292,Q11,SELECT,536.1576,True,,0.123,264.597,3509,89962,0,0
3,16,Procurement,293,Q18,SELECT,355.9615,True,,0.232,191.444,9,22666,0,0
3,17,Procurement,294,Q11,SELECT,542.0002,True,,0.331,264.93,3509,89968,0,0
3,17,Procurement,295,Q11,SELECT,512.2215,True,,0.154,269.162,3509,89962,0,0
3,17,Procurement,296,Q17,SELECT,281.1306,True,,0.255,151.644,1,47902,0,0
3,17,Procurement,297,Q18,SELECT,345.8763,True,,0.407,180.176,9,22669,0,0
3,17,Procurement,298,Q18,SELECT,343.0025,True,,0.26,181.112,9,22666,0,0
3,17,Procurement,299,Q11,SELECT,494.41,True,,0.118,248.046,3509,89962,0,0
3,17,Procurement,300,Q18,SELECT,368.119,True,,0.244,196.979,9,22666,0,0
3,17,Procurement,301,Q17,SELECT,276.1124,True,,0.103,140.908,1,47902,0,0
3,17,Procurement,302,Q17,SELECT,276.0983,True,,0.095,139.809,1,47902,0,0
3,17,Procurement,303,Q17,SELECT,278.2803,True,,0.097,142.6,1,47902,0,0
3,17,Procurement,304,Q17,SELECT,279.8349,True,,0.097,142.85,1,47902,0,0
3,18,Procurement,305,Q11,SELECT,45.1166,True,,0.349,25.608,3509,7186,0,0
3,18,Procurement,306,Q11,SELECT,38.9785,True,,0.107,21.234,3509,7180,0,0
3,18,Procurement,307,Q18,SELECT,356.1635,True,,0.427,187.859,9,22669,0,0
3,18,Procurement,308,U_orders,UPDATE,1.8046,True,,0.0,0.0,0,0,0,0
3,18,Procurement,309,Q10,SELECT,105.1678,True,,0.235,53.819,20,142314,0,0
3,18,Procurement,310,U_orders,UPDATE,0.5534,True,,0.0,0.0,0,0,0,0
3,18,Procurement,311,Q17,SELECT,283.8935,True,,0.156,147.529,1,47902,0,0
3,18,Procurement,312,Q11,SELECT,42.4484,True,,0.175,21.632,3509,7180,0,0
3,18,Procurement,313,Q11,SELECT,39.5205,True,,0.073,20.538,3509,7180,0,0
3,18,Procurement,314,Q11,SELECT,39.0191,True,,0.066,20.475,3509,7180,0,0
3,18,Procurement,315,Q11,SELECT,32.5487,True,,0.094,15.041,3509,7660,0,0
3,18,Procurement,316,Q18,SELECT,356.7706,True,,0.289,192.444,9,22666,0,0
3,18,Procurement,317,Q11,SELECT,34.6667,True,,0.251,16.034,3509,7660,0,0
3,18,Procurement,318,Q11,SELECT,33.2305,True,,0.159,15.745,3509,7660,0,0
3,18,Procurement,319,Q10,SELECT,104.7975,True,,0.252,53.261,20,142314,0,0
3,18,Procurement,320,Q18,SELECT,355.8238,True,,0.247,187.965,9,22666,0,0
3,18,Procurement,321,I_customer,INSERT,0.9033,True,,0.0,0.0,0,0,0,0
3,18,Procurement,322,Q18,SELECT,359.7528,True,,0.223,178.875,9,22666,0,0
3,18,Procurement,323,U_orders,UPDATE,1.1955,True,,0.0,0.0,0,0,0,0
3,18,Procurement,324,Q10,SELECT,102.3851,True,,0.177,51.205,20,142314,0,0
3,18,Procurement,325,Q18,SELECT,374.1405,True,,0.245,190.009,9,22666,0,0
3,18,Procurement,326,Q11,SELECT,32.7392,True,,0.159,15.668,3509,7660,0,0
3,18,Procurement,327,Q18,SELECT,370.9605,True,,0.251,201.154,9,22666,0,0
3,18,Procurement,328,U_orders,UPDATE,0.5601,True,,0.0,0.0,0,0,0,0
3,18,Procurement,329,Q11,SELECT,31.838,True,,0.121,15.101,3509,7660,0,0
3,18,Procurement,330,U_orders,UPDATE,0.6645,True,,0.0,0.0,0,0,0,0
3,18,Procurement,331,Q11,SELECT,29.6392,True,,0.089,14.861,3509,7660,0,0
3,19,Procurement,332,I_customer,INSERT,0.8988,True,,0.0,0.0,0,0,0,0
3,19,Procurement,333,Q17,SELECT,286.6792,True,,0.267,149.554,1,47902,0,0
3,19,Procurement,334,I_customer,INSERT,0.5732,True,,0.0,0.0,0,0,0,0
3,19,Procurement,335,Q18,SELECT,355.4222,True,,0.405,187.554,9,22672,0,0
3,19,Procurement,336,Q18,SELECT,367.2639,True,,0.286,193.097,9,22666,0,0
3,19,Procurement,337,U_orders,UPDATE,1.4613,True,,0.0,0.0,0,0,0,0
3,19,Procurement,338,U_orders,UPDATE,0.5646,True,,0.0,0.0,0,0,0,0
3,19,Procurement,339,Q17,SELECT,278.9695,True,,0.088,146.916,1,47902,0,0
3,19,Procurement,340,I_customer,INSERT,1.1277,True,,0.0,0.0,0,0,0,0
3,19,Procurement,341,U_orders,UPDATE,0.8142,True,,0.0,0.0,0,0,0,0
3,19,Procurement,342,Q11,SELECT,34.4328,True,,0.261,16.145,3509,7660,0,0
3,19,Procurement,343,Q18,SELECT,356.4409,True,,0.268,183.367,9,22666,0,0
3,19,Procurement,344,Q17,SELECT,278.351,True,,0.1,144.586,1,47902,0,0
3,19,Procurement,345,Q11,SELECT,31.8466,True,,0.148,15.345,3509,7660,0,0
3,19,Procurement,346,Q17,SELECT,275.5957,True,,0.088,146.672,1,47902,0,0
3,19,Procurement,347,Q18,SELECT,337.7376,True,,0.282,174.177,9,22666,0,0
3,19,Procurement,348,Q18,SELECT,343.1255,True,,0.272,185.106,9,22666,0,0
3,19,Procurement,349,Q17,SELECT,282.8798,True,,0.093,146.494,1,47902,0,0
3,19,Procurement,350,Q18,SELECT,348.612,True,,0.27,188.762,9,22666,0,0
3,19,Procurement,351,Q18,SELECT,340.4573,True,,0.28,175.396,9,22666,0,0
3,19,Procurement,352,Q11,SELECT,32.0352,True,,0.166,15.478,3509,7660,0,0
3,19,Procurement,353,Q18,SELECT,377.5281,True,,0.251,200.207,9,22666,0,0
3,19,Procurement,354,Q11,SELECT,33.7826,True,,0.146,15.382,3509,7660,0,0
3,19,Procurement,355,Q18,SELECT,346.5669,True,,0.259,177.743,9,22666,0,0
3,19,Procurement,356,U_orders,UPDATE,0.7503,True,,0.0,0.0,0,0,0,0
3,19,Procurement,357,Q18,SELECT,424.9884,True,,0.246,179.114,9,22666,0,0
3,19,Procurement,358,Q18,SELECT,515.2274,True,,0.282,281.858,9,51096,0,0
3,19,Procurement,359,Q18,SELECT,513.9646,True,,0.309,281.007,9,51096,0,0
3,20,Procurement,360,Q18,SELECT,548.4351,True,,0.657,310.672,9,51102,0,0
3,20,Procurement,361,Q18,SELECT,513.3158,True,,0.289,281.737,9,51096,0,0
3,20,Procurement,362,Q11,SELECT,34.3598,True,,0.365,16.107,3509,7660,0,0
3,20,Procurement,363,Q17,SELECT,277.1575,True,,0.21,142.803,1,47888,0,0
3,20,Procurement,364,Q18,SELECT,526.3352,True,,0.336,291.275,9,51096,0,0
3,20,Procurement,365,Q11,SELECT,32.7562,True,,0.165,15.911,3509,7660,0,0
3,20,Procurement,366,Q18,SELECT,522.3295,True,,0.291,287.976,9,51096,0,0
3,20,Procurement,367,Q18,SELECT,521.838,True,,0.265,285.5,9,51096,0,0
3,20,Procurement,368,Q11,SELECT,32.6965,True,,0.143,15.061,3509,7660,0,0
3,20,Procurement,369,Q11,SELECT,31.4216,True,,0.116,14.702,3509,7660,0,0
3,20,Procurement,370,U_orders,UPDATE,0.9485,True,,0.0,0.0,0,0,0,0
3,20,Procurement,371,Q17,SELECT,299.8495,True,,0.086,153.965,1,47888,0,0
3,20,Procurement,372,Q17,SELECT,284.4001,True,,0.1,148.324,1,47888,0,0
3,20,Procurement,373,I_customer,INSERT,0.9941,True,,0.0,0.0,0,0,0,0
3,21,Procurement,374,Q18,SELECT,549.1039,True,,0.686,316.244,9,51102,0,0
3,21,Procurement,375,Q3,SELECT,60.1978,True,,0.208,30.687,10,128261,0,0
3,21,Procurement,376,Q18,SELECT,519.9316,True,,0.289,284.974,9,51096,0,0
3,21,Procurement,377,Q18,SELECT,515.3236,True,,0.318,285.625,9,51096,0,0
3,21,Procurement,378,Q17,SELECT,284.1269,True,,0.224,148.811,1,47888,0,0
3,21,Procurement,379,Q18,SELECT,515.0467,True,,0.315,284.736,9,51096,0,0
3,21,Procurement,380,Q11,SELECT,31.6813,True,,0.332,15.912,3509,7660,0,0
3,21,Procurement,381,Q18,SELECT,535.1052,True,,0.286,289.511,9,51096,0,0
3,21,Procurement,382,Q18,SELECT,529.7965,True,,0.257,287.216,9,51096,0,0
3,21,Procurement,383,Q17,SELECT,289.3157,True,,0.102,153.419,1,47888,0,0
3,21,Procurement,384,Q11,SELECT,33.2246,True,,0.171,15.832,3509,7660,0,0
3,21,Procurement,385,Q18,SELECT,530.0393,True,,0.282,288.949,9,51096,0,0
3,21,Procurement,386,Q18,SELECT,520.1999,True,,0.261,287.147,9,51096,0,0
3,21,Procurement,387,Q17,SELECT,290.4148,True,,0.112,147.418,1,47888,0,0
3,21,Procurement,388,Q18,SELECT,520.3938,True,,0.299,285.448,9,51096,0,0
3,21,Procurement,389,Q18,SELECT,514.6136,True,,0.302,281.691,9,51096,0,0
3,21,Procurement,390,Q18,SELECT,510.9089,True,,0.275,279.861,9,51096,0,0
3,21,Procurement,391,Q3,SELECT,58.267,True,,0.19,29.259,10,128261,0,0
3,21,Procurement,392,Q17,SELECT,290.8046,True,,0.12,143.785,1,47888,0,0
3,21,Procurement,393,Q18,SELECT,526.9703,True,,0.318,298.197,9,51096,0,0
3,21,Procurement,394,Q11,SELECT,33.2745,True,,0.143,16.634,3509,7660,0,0
3,21,Procurement,395,Q18,SELECT,521.9989,True,,0.301,282.429,9,51096,0,0
3,21,Procurement,396,Q18,SELECT,512.5518,True,,0.294,283.879,9,51096,0,0
3,21,Procurement,397,Q18,SELECT,509.5258,True,,0.258,281.321,9,51096,0,0
3,21,Procurement,398,Q18,SELECT,510.605,True,,0.315,281.354,9,51096,0,0
3,22,Procurement,399,Q18,SELECT,535.7642,True,,0.673,303.46,9,51102,0,0
3,22,Procurement,400,Q3,SELECT,58.7828,True,,0.204,29.645,10,128261,0,0
3,22,Procurement,401,Q10,SELECT,53.1177,True,,0.352,26.666,20,53032,0,0
3,22,Procurement,402,Q11,SELECT,34.1855,True,,0.284,16.297,3509,7660,0,0
3,22,Procurement,403,Q17,SELECT,286.1877,True,,0.2,146.15,1,47888,0,0
3,22,Procurement,404,Q11,SELECT,31.8801,True,,0.161,15.327,3509,7660,0,0
3,22,Procurement,405,Q17,SELECT,283.385,True,,0.104,150.399,1,47888,0,0
3,22,Procurement,406,Q11,SELECT,32.7553,True,,0.156,15.995,3509,7660,0,0
3,22,Procurement,407,Q18,SELECT,523.0684,True,,0.314,290.826,9,51096,0,0
3,22,Procurement,408,Q17,SELECT,292.5353,True,,0.112,153.157,1,47888,0,0
3,22,Procurement,409,Q18,SELECT,520.5013,True,,0.304,288.452,9,51096,0,0
3,22,Procurement,410,Q17,SELECT,288.0211,True,,0.132,146.773,1,47888,0,0
3,22,Procurement,411,Q11,SELECT,32.9185,True,,0.169,15.773,3509,7660,0,0
3,22,Procurement,412,Q17,SELECT,290.1805,True,,0.102,152.174,1,47888,0,0
3,22,Procurement,413,Q11,SELECT,32.578,True,,0.151,15.39,3509,7660,0,0
3,22,Procurement,414,Q11,SELECT,31.2353,True,,0.111,14.609,3509,7660,0,0
3,22,Procurement,415,Q11,SELECT,29.1625,True,,0.112,14.34,3509,7660,0,0
3,22,Procurement,416,Q17,SELECT,292.8626,True,,0.094,152.071,1,47888,0,0
3,23,Procurement,417,Q11,SELECT,33.3861,True,,0.395,16.125,3509,7663,0,0
3,23,Procurement,418,I_customer,INSERT,1.3146,True,,0.0,0.0,0,0,0,0
3,23,Procurement,419,Q11,SELECT,31.1197,True,,0.096,15.618,3509,7660,0,0
3,23,Procurement,420,Q18,SELECT,556.7818,True,,0.524,319.565,9,51099,0,0
3,23,Procurement,421,Q17,SELECT,298.4028,True,,0.199,155.031,1,47888,0,0
3,23,Procurement,422,Q11,SELECT,32.572,True,,0.144,15.662,3509,7660,0,0
3,23,Procurement,423,Q11,SELECT,31.5907,True,,0.132,14.714,3509,7660,0,0
3,23,Procurement,424,Q11,SELECT,31.4065,True,,0.105,14.529,3509,7660,0,0
3,23,Procurement,425,Q11,SELECT,30.5258,True,,0.105,14.772,3509,7660,0,0
3,23,Procurement,426,Q18,SELECT,532.0733,True,,0.281,290.136,9,51096,0,0
3,23,Procurement,427,Q11,SELECT,33.2824,True,,0.162,16.026,3509,7660,0,0
3,23,Procurement,428,Q11,SELECT,31.4842,True,,0.113,15.004,3509,7660,0,0
3,23,Procurement,429,Q18,SELECT,534.8371,True,,0.294,286.088,9,51096,0,0
3,23,Procurement,430,Q11,SELECT,31.8642,True,,0.139,15.384,3509,7660,0,0
3,23,Procurement,431,Q11,SELECT,31.3546,True,,0.148,15.084,3509,7660,0,0
3,23,Procurement,432,Q11,SELECT,31.4677,True,,0.115,15.011,3509,7660,0,0
3,23,Procurement,433,Q11,SELECT,31.343,True,,0.106,14.754,3509,7660,0,0
3,23,Procurement,434,Q18,SELECT,526.5592,True,,0.293,288.891,9,51096,0,0
3,23,Procurement,435,Q11,SELECT,32.5793,True,,0.134,15.433,3509,7660,0,0
3,23,Procurement,436,Q11,SELECT,30.4456,True,,0.127,14.514,3509,7660,0,0
3,23,Procurement,437,Q11,SELECT,30.8143,True,,0.104,14.337,3509,7660,0,0
3,24,Customer,438,Q18,SELECT,559.8939,True,,0.674,315.883,9,51102,0,0
3,24,Customer,439,Q3,SELECT,58.6273,True,,0.206,29.463,10,128261,0,0
3,24,Customer,440,Q10,SELECT,55.2914,True,,0.35,27.58,20,53032,0,0
3,24,Customer,441,Q10,SELECT,53.4805,True,,0.233,27.315,20,53032,0,0
3,24,Customer,442,Q10,SELECT,52.1015,True,,0.247,26.043,20,53032,0,0
3,24,Customer,443,U_customer,UPDATE,0.4937,True,,0.0,0.0,0,0,0,0
3,24,Customer,444,Q18,SELECT,512.5796,True,,0.25,282.292,9,51096,0,0
3,24,Customer,445,Q18,SELECT,511.9592,True,,0.287,283.695,9,51096,0,0
3,24,Customer,446,Q10,SELECT,51.721,True,,0.25,25.774,20,53032,0,0
3,24,Customer,447,Q3,SELECT,58.0043,True,,0.182,29.141,10,128261,0,0
3,24,Customer,448,Q18,SELECT,514.8008,True,,0.269,285.196,9,51096,0,0
3,24,Customer,449,Q3,SELECT,58.1684,True,,0.18,29.136,10,128261,0,0
3,24,Customer,450,Q10,SELECT,52.3644,True,,0.235,26.238,20,53032,0,0
3,24,Customer,451,Q10,SELECT,52.5762,True,,0.216,26.201,20,53032,0,0
3,24,Customer,452,Q18,SELECT,515.2133,True,,0.265,286.251,9,51096,0,0
3,24,Customer,453,Q10,SELECT,51.9266,True,,0.248,25.983,20,53032,0,0
3,24,Customer,454,Q18,SELECT,513.6506,True,,0.277,284.768,9,51096,0,0
3,24,Customer,455,Q10,SELECT,52.0147,True,,0.229,25.973,20,53032,0,0
3,24,Customer,456,Q3,SELECT,58.4214,True,,0.162,29.291,10,128261,0,0
3,24,Customer,457,Q18,SELECT,514.2851,True,,0.287,285.237,9,51096,0,0
3,24,Customer,458,Q10,SELECT,52.1057,True,,0.241,26.066,20,53032,0,0
3,24,Customer,459,Q3,SELECT,57.6035,True,,0.17,28.997,10,128261,0,0
3,24,Customer,460,Q3,SELECT,57.4102,True,,0.156,28.886,10,128261,0,0
3,24,Customer,461,Q18,SELECT,517.2611,True,,0.275,284.728,9,51096,0,0
3,24,Customer,462,Q10,SELECT,53.494,True,,0.29,26.847,20,53032,0,0
3,24,Customer,463,Q18,SELECT,514.7945,True,,0.293,285.183,9,51096,0,0
3,25,Customer,464,Q10,SELECT,56.801,True,,0.705,28.21,20,53035,0,0
3,25,Customer,465,Q3,SELECT,59.7945,True,,0.196,30.595,10,128264,0,0
3,25,Customer,466,Q18,SELECT,542.1587,True,,0.273,298.31,9,51096,0,0
3,25,Customer,467,Q3,SELECT,58.3835,True,,0.213,29.615,10,128261,0,0
3,25,Customer,468,Q18,SELECT,524.5952,True,,0.285,285.696,9,51096,0,0
3,25,Customer,469,Q18,SELECT,521.4706,True,,0.334,285.908,9,51096,0,0
3,25,Customer,470,Q3,SELECT,58.8944,True,,0.192,29.606,10,128261,0,0
3,25,Customer,471,Q3,SELECT,58.5624,True,,0.162,29.419,10,128261,0,0
3,25,Customer,472,Q10,SELECT,54.3774,True,,0.238,27.367,20,53032,0,0
3,25,Customer,473,Q10,SELECT,53.9182,True,,0.224,27.083,20,53032,0,0
3,25,Customer,474,Q3,SELECT,58.262,True,,0.168,29.209,10,128261,0,0
3,25,Customer,475,U_customer,UPDATE,0.8465,True,,0.0,0.0,0,0,0,0
3,25,Customer,476,Q18,SELECT,519.6243,True,,0.267,289.195,9,51096,0,0
3,25,Customer,477,Q3,SELECT,58.503,True,,0.161,29.621,10,128261,0,0
3,25,Customer,478,Q18,SELECT,518.8408,True,,0.275,286.861,9,51096,0,0
3,25,Customer,479,D_orders,DELETE,1.5638,False,"update or delete on table ""orders"" violates foreign key constraint ""lineitem_l_orderkey_fkey"" on table ""lineitem""
DETAIL",0.0,0.0,0,0,0,0
3,25,Customer,480,D_orders,DELETE,0.3042,False,"update or delete on table ""orders"" violates foreign key constraint ""lineitem_l_orderkey_fkey"" on table ""lineitem""
DETAIL",0.0,0.0,0,0,0,0
3,25,Customer,481,D_orders,DELETE,0.3477,False,"update or delete on table ""orders"" violates foreign key constraint ""lineitem_l_orderkey_fkey"" on table ""lineitem""
DETAIL",0.0,0.0,0,0,0,0
3,25,Customer,482,Q18,SELECT,513.7571,True,,0.244,281.812,9,51096,0,0
3,25,Customer,483,Q18,SELECT,511.9668,True,,0.308,282.437,9,51096,0,0
3,25,Customer,484,Q18,SELECT,510.8498,True,,0.313,280.928,9,51096,0,0
3,25,Customer,485,Q3,SELECT,58.1765,True,,0.184,29.341,10,128261,0,0
3,26,Customer,486,Q10,SELECT,56.8948,True,,0.708,28.638,20,53035,0,0
3,26,Customer,487,Q3,SELECT,60.9754,True,,0.197,31.525,10,128264,0,0
3,26,Customer,488,D_orders,DELETE,0.6361,False,"update or delete on table ""orders"" violates foreign key constraint ""lineitem_l_orderkey_fkey"" on table ""lineitem""
DETAIL",0.0,0.0,0,0,0,0
3,26,Customer,489,U_customer,UPDATE,0.3968,True,,0.0,0.0,0,0,0,0
3,26,Customer,490,Q3,SELECT,59.8079,True,,0.132,30.554,10,128261,0,0
3,26,Customer,491,Q18,SELECT,532.0655,True,,0.276,297.924,9,51096,0,0
3,26,Customer,492,Q3,SELECT,60.3349,True,,0.205,29.967,10,128261,0,0
3,26,Customer,493,Q3,SELECT,59.5035,True,,0.197,29.378,10,128261,0,0
3,26,Customer,494,Q18,SELECT,521.951,True,,0.269,287.711,9,51096,0,0
3,26,Customer,495,Q10,SELECT,53.4228,True,,0.252,26.369,20,53032,0,0
3,26,Customer,496,D_orders,DELETE,0.5718,False,"update or delete on table ""orders"" violates foreign key constraint ""lineitem_l_orderkey_fkey"" on table ""lineitem""
DETAIL",0.0,0.0,0,0,0,0
3,26,Customer,497,Q10,SELECT,53.8764,True,,0.218,26.736,20,53032,0,0
3,26,Customer,498,D_orders,DELETE,0.4713,False,"update or delete on table ""orders"" violates foreign key constraint ""lineitem_l_orderkey_fkey"" on table ""lineitem""
DETAIL",0.0,0.0,0,0,0,0
3,26,Customer,499,Q3,SELECT,58.7356,True,,0.166,29.775,10,128261,0,0
3,26,Customer,500,Q3,SELECT,59.6161,True,,0.165,30.493,10,128261,0,0
3,26,Customer,501,Q3,SELECT,60.933,True,,0.178,30.456,10,128261,0,0
3,26,Customer,502,Q3,SELECT,58.8358,True,,0.193,29.197,10,128261,0,0
3,26,Customer,503,D_orders,DELETE,0.5202,False,"update or delete on table ""orders"" violates foreign key constraint ""lineitem_l_orderkey_fkey"" on table ""lineitem""
DETAIL",0.0,0.0,0,0,0,0
3,26,Customer,504,Q3,SELECT,58.764,True,,0.153,29.696,10,128261,0,0
3,26,Customer,505,Q3,SELECT,59.4845,True,,0.16,30.18,10,128261,0,0
3,26,Customer,506,Q3,SELECT,58.7966,True,,0.166,29.631,10,128261,0,0
3,26,Customer,507,Q10,SELECT,52.649,True,,0.242,26.166,20,53032,0,0
3,26,Customer,508,Q3,SELECT,58.5136,True,,0.17,29.56,10,128261,0,0
3,26,Customer,509,Q18,SELECT,519.1392,True,,0.275,283.326,9,51096,0,0
3,26,Customer,510,Q3,SELECT,58.1293,True,,0.184,29.106,10,128261,0,0
3,26,Customer,511,Q18,SELECT,517.9762,True,,0.282,285.9,9,51096,0,0
3,26,Customer,512,Q18,SELECT,522.4003,True,,0.278,290.857,9,51096,0,0
3,26,Customer,513,Q3,SELECT,58.5615,True,,0.212,29.304,10,128261,0,0
3,27,Customer,514,Q3,SELECT,65.4039,True,,0.589,32.281,10,128267,0,0
3,27,Customer,515,Q3,SELECT,60.1653,True,,0.192,30.789,10,128261,0,0
3,27,Customer,516,Q3,SELECT,59.6848,True,,0.177,30.497,10,128261,0,0
3,27,Customer,517,Q10,SELECT,54.3669,True,,0.368,27.192,20,53032,0,0
3,27,Customer,518,Q18,SELECT,532.0389,True,,0.303,302.193,9,51096,0,0
3,27,Customer,519,Q3,SELECT,59.2669,True,,0.187,30.188,10,128261,0,0
3,27,Customer,520,Q3,SELECT,59.7952,True,,0.174,29.425,10,128261,0,0
3,27,Customer,521,Q10,SELECT,52.503,True,,0.239,26.167,20,53032,0,0
3,27,Customer,522,Q18,SELECT,523.2038,True,,0.294,287.51,9,51096,0,0
3,27,Customer,523,Q18,SELECT,513.0503,True,,0.298,282.171,9,51096,0,0
3,27,Customer,524,Q10,SELECT,53.4997,True,,0.243,26.882,20,53032,0,0
3,27,Customer,525,Q3,SELECT,59.9442,True,,0.18,30.508,10,128261,0,0
3,27,Customer,526,Q3,SELECT,61.0905,True,,0.186,30.645,10,128261,0,0
3,27,Customer,527,Q10,SELECT,54.0404,True,,0.232,26.472,20,53032,0,0
3,27,Customer,528,Q3,SELECT,59.5716,True,,0.215,29.715,10,128261,0,0
3,27,Customer,529,Q18,SELECT,517.2166,True,,0.31,287.879,9,51096,0,0
3,27,Customer,530,D_orders,DELETE,0.6548,False,"update or delete on table ""orders"" violates foreign key constraint ""lineitem_l_orderkey_fkey"" on table ""lineitem""
DETAIL",0.0,0.0,0,0,0,0
3,27,Customer,531,D_orders,DELETE,0.3106,False,"update or delete on table ""orders"" violates foreign key constraint ""lineitem_l_orderkey_fkey"" on table ""lineitem""
DETAIL",0.0,0.0,0,0,0,0
3,27,Customer,532,U_customer,UPDATE,1.2562,True,,0.0,0.0,0,0,0,0
3,27,Customer,533,Q18,SELECT,513.8483,True,,0.24,284.104,9,51096,0,0
3,27,Customer,534,Q3,SELECT,59.1091,True,,0.178,30.055,10,128261,0,0
3,27,Customer,535,Q3,SELECT,59.9592,True,,0.167,29.662,10,128261,0,0
3,27,Customer,536,Q18,SELECT,513.2277,True,,0.282,285.508,9,51096,0,0
3,27,Customer,537,Q3,SELECT,58.0993,True,,0.176,29.2,10,128261,0,0
3,28,Customer,538,Q18,SELECT,536.3452,True,,0.666,303.679,9,51102,0,0
3,28,Customer,539,Q18,SELECT,512.805,True,,0.327,283.384,9,51096,0,0
3,28,Customer,540,Q3,SELECT,60.7147,True,,0.187,31.204,10,128261,0,0
3,28,Customer,541,Q18,SELECT,520.9394,True,,0.293,291.169,9,51096,0,0
3,28,Customer,542,Q3,SELECT,58.3933,True,,0.197,29.371,10,128261,0,0
3,28,Customer,543,Q18,SELECT,516.2711,True,,0.276,284.97,9,51096,0,0
3,28,Customer,544,Q18,SELECT,510.5531,True,,0.298,281.648,9,51096,0,0
3,28,Customer,545,Q18,SELECT,511.1121,True,,0.256,280.71,9,51096,0,0
3,28,Customer,546,Q10,SELECT,52.3494,True,,0.377,26.337,20,53032,0,0
3,28,Customer,547,Q18,SELECT,519.3173,True,,0.276,286.728,9,51096,0,0
3,28,Customer,548,Q18,SELECT,518.6698,True,,0.293,285.67,9,51096,0,0
3,28,Customer,549,Q18,SELECT,513.5236,True,,0.275,282.373,9,51096,0,0
3,28,Customer,550,Q10,SELECT,53.5635,True,,0.254,26.947,20,53032,0,0
3,28,Customer,551,Q3,SELECT,58.2025,True,,0.172,29.234,10,128261,0,0
3,28,Customer,552,Q18,SELECT,512.0631,True,,0.273,282.103,9,51096,0,0
3,28,Customer,553,Q3,SELECT,57.9257,True,,0.164,29.083,10,128261,0,0
3,28,Customer,554,Q18,SELECT,513.8756,True,,0.275,283.566,9,51096,0,0
3,28,Customer,555,Q18,SELECT,508.1625,True,,0.308,279.324,9,51096,0,0
3,29,Customer,556,Q3,SELECT,64.34,True,,0.54,31.733,10,128267,0,0
3,29,Customer,557,Q10,SELECT,56.2037,True,,0.367,28.243,20,53032,0,0
3,29,Customer,558,Q3,SELECT,59.411,True,,0.191,29.783,10,128261,0,0
3,29,Customer,559,Q3,SELECT,59.1132,True,,0.174,29.815,10,128261,0,0
3,29,Customer,560,Q3,SELECT,59.7663,True,,0.163,30.619,10,128261,0,0
3,29,Customer,561,Q3,SELECT,59.7591,True,,0.157,30.391,10,128261,0,0
3,29,Customer,562,Q3,SELECT,60.4422,True,,0.197,30.64,10,128261,0,0
3,29,Customer,563,Q3,SELECT,59.6312,True,,0.178,29.581,10,128261,0,0
3,29,Customer,564,Q3,SELECT,58.6771,True,,0.212,29.529,10,128261,0,0
3,29,Customer,565,Q3,SELECT,59.6247,True,,0.165,30.68,10,128261,0,0
3,29,Customer,566,Q3,SELECT,59.1172,True,,0.137,29.926,10,128261,0,0
3,29,Customer,567,I_customer,INSERT,0.8557,True,,0.0,0.0,0,0,0,0
3,29,Customer,568,U_customer,UPDATE,0.7141,True,,0.0,0.0,0,0,0,0
3,29,Customer,569,Q3,SELECT,58.8963,True,,0.132,29.336,10,128261,0,0
3,29,Customer,570,Q3,SELECT,59.6054,True,,0.163,29.576,10,128261,0,0
3,29,Customer,571,D_orders,DELETE,0.5445,False,"update or delete on table ""orders"" violates foreign key constraint ""lineitem_l_orderkey_fkey"" on table ""lineitem""
DETAIL",0.0,0.0,0,0,0,0
3,29,Customer,572,U_customer,UPDATE,0.4603,True,,0.0,0.0,0,0,0,0
3,29,Customer,573,Q3,SELECT,58.243,True,,0.159,29.684,10,128261,0,0
3,29,Customer,574,Q3,SELECT,59.4543,True,,0.156,30.254,10,128261,0,0
3,29,Customer,575,Q3,SELECT,60.0134,True,,0.178,29.734,10,128261,0,0
3,29,Customer,576,Q3,SELECT,59.2712,True,,0.194,29.617,10,128261,0,0
3,29,Customer,577,Q3,SELECT,59.4721,True,,0.165,29.787,10,128261,0,0
3,30,Customer,578,Q18,SELECT,548.7797,True,,0.693,311.216,9,51102,0,0
3,30,Customer,579,Q3,SELECT,60.1887,True,,0.194,30.737,10,128261,0,0
3,30,Customer,580,Q18,SELECT,522.0572,True,,0.29,288.013,9,51096,0,0
3,30,Customer,581,Q18,SELECT,515.0497,True,,0.286,285.054,9,51096,0,0
3,30,Customer,582,Q18,SELECT,510.7392,True,,0.294,281.519,9,51096,0,0
3,30,Customer,583,U_customer,UPDATE,0.9449,True,,0.0,0.0,0,0,0,0
3,30,Customer,584,Q3,SELECT,58.7781,True,,0.163,29.572,10,128261,0,0
3,30,Customer,585,D_orders,DELETE,0.6675,False,"update or delete on table ""orders"" violates foreign key constraint ""lineitem_l_orderkey_fkey"" on table ""lineitem""
DETAIL",0.0,0.0,0,0,0,0
3,30,Customer,586,Q18,SELECT,512.8735,True,,0.245,283.161,9,51096,0,0
3,30,Customer,587,Q18,SELECT,509.9791,True,,0.309,280.735,9,51096,0,0
3,30,Customer,588,U_customer,UPDATE,1.0911,True,,0.0,0.0,0,0,0,0
3,31,Customer,589,Q10,SELECT,57.6428,True,,0.695,28.513,20,53035,0,0
3,31,Customer,590,I_customer,INSERT,0.8186,True,,0.0,0.0,0,0,0,0
3,31,Customer,591,Q10,SELECT,55.0252,True,,0.247,27.367,20,53032,0,0
3,31,Customer,592,Q10,SELECT,55.379,True,,0.264,27.638,20,53032,0,0
3,31,Customer,593,Q10,SELECT,54.1112,True,,0.235,26.936,20,53032,0,0
3,31,Customer,594,Q10,SELECT,54.0112,True,,0.219,27.382,20,53032,0,0
3,31,Customer,595,Q10,SELECT,53.7699,True,,0.193,26.687,20,53032,0,0
3,31,Customer,596,Q11,SELECT,33.3288,True,,0.278,16.039,3509,7660,0,0
3,31,Customer,597,Q10,SELECT,54.1934,True,,0.265,27.144,20,53032,0,0
3,31,Customer,598,Q10,SELECT,54.2901,True,,0.24,27.137,20,53032,0,0
3,31,Customer,599,Q18,SELECT,534.148,True,,0.285,303.12,9,51099,0,0
3,31,Customer,600,Q10,SELECT,52.2873,True,,0.255,25.871,20,53032,0,0
3,31,Customer,601,Q3,SELECT,58.9598,True,,0.199,29.222,10,128261,0,0
3,31,Customer,602,Q10,SELECT,53.1152,True,,0.28,26.139,20,53032,0,0
3,31,Customer,603,Q3,SELECT,59.29,True,,0.195,29.916,10,128261,0,0
3,31,Customer,604,Q10,SELECT,54.1902,True,,0.242,27.085,20,53032,0,0
3,31,Customer,605,U_customer,UPDATE,1.3653,True,,0.0,0.0,0,0,0,0
3,31,Customer,606,Q10,SELECT,54.6485,True,,0.236,27.587,20,53032,0,0
3,31,Customer,607,Q10,SELECT,53.5841,True,,0.241,26.773,20,53032,0,0
3,31,Customer,608,Q10,SELECT,55.5462,True,,0.232,27.951,20,53032,0,0
3,31,Customer,609,Q10,SELECT,54.523,True,,0.251,27.34,20,53032,0,0
3,31,Customer,610,Q10,SELECT,52.8089,True,,0.22,26.452,20,53032,0,0
3,31,Customer,611,Q10,SELECT,52.9209,True,,0.225,26.661,20,53032,0,0
